make[1]: Entering directory '/workspaces/c33-kernel-/kernel/out'
  GEN     Makefile
  DTC     arch/arm64/boot/dts/nicky/ums9230.dtb
  DTC     arch/arm64/boot/dts/nicky-A/ums9230.dtb
../arch/arm64/boot/dts/nicky-A/ums9230-qos.dtsi:13.2-9: Warning (ranges_format): /qos:ranges: empty "ranges" property but its #address-cells (1) differs from / (2)
../arch/arm64/boot/dts/nicky-A/ums9230-qos.dtsi:13.2-9: Warning (ranges_format): /qos:ranges: empty "ranges" property but its #size-cells (0) differs from / (2)
../arch/arm64/boot/dts/nicky/ums9230-qos.dtsi:13.2-9: Warning (ranges_format): /qos:ranges: empty "ranges" property but its #address-cells (1) differs from / (2)
../arch/arm64/boot/dts/nicky/ums9230-qos.dtsi:13.2-9: Warning (ranges_format): /qos:ranges: empty "ranges" property but its #size-cells (0) differs from / (2)
../arch/arm64/boot/dts/nicky/ums9230.dtsi:407.12-413.7: Warning (graph_port): /soc/funnel@7e001000/ports/port@1: graph node unit address error, expected "0"
  also defined at ../arch/arm64/boot/dts/nicky/ums9230.dtsi:407.12-413.7
  also defined at ../arch/arm64/boot/dts/nicky/ums9230.dtsi:407.12-413.7
  also defined at ../arch/arm64/boot/dts/nicky/ums9230.dtsi:407.12-413.7
../arch/arm64/boot/dts/nicky/ums9230.dtsi:415.12-421.7: Warning (graph_port): /soc/funnel@7e001000/ports/port@2: graph node unit address error, expected "1"
  also defined at ../arch/arm64/boot/dts/nicky/ums9230.dtsi:415.12-421.7
  also defined at ../arch/arm64/boot/dts/nicky/ums9230.dtsi:415.12-421.7
  also defined at ../arch/arm64/boot/dts/nicky/ums9230.dtsi:415.12-421.7
../arch/arm64/boot/dts/nicky/ums9230.dtsi:423.12-429.7: Warning (graph_port): /soc/funnel@7e001000/ports/port@3: graph node unit address error, expected "2"
  also defined at ../arch/arm64/boot/dts/nicky/ums9230.dtsi:423.12-429.7
  also defined at ../arch/arm64/boot/dts/nicky/ums9230.dtsi:423.12-429.7
  also defined at ../arch/arm64/boot/dts/nicky/ums9230.dtsi:423.12-429.7
../arch/arm64/boot/dts/nicky-A/ums9230.dtsi:407.12-413.7: Warning (graph_port): /soc/funnel@7e001000/ports/port@1: graph node unit address error, expected "0"
  also defined at ../arch/arm64/boot/dts/nicky-A/ums9230.dtsi:407.12-413.7
  also defined at ../arch/arm64/boot/dts/nicky-A/ums9230.dtsi:407.12-413.7
  also defined at ../arch/arm64/boot/dts/nicky-A/ums9230.dtsi:407.12-413.7
../arch/arm64/boot/dts/nicky-A/ums9230.dtsi:415.12-421.7: Warning (graph_port): /soc/funnel@7e001000/ports/port@2: graph node unit address error, expected "1"
  also defined at ../arch/arm64/boot/dts/nicky-A/ums9230.dtsi:415.12-421.7
  also defined at ../arch/arm64/boot/dts/nicky-A/ums9230.dtsi:415.12-421.7
  also defined at ../arch/arm64/boot/dts/nicky-A/ums9230.dtsi:415.12-421.7
../arch/arm64/boot/dts/nicky-A/ums9230.dtsi:423.12-429.7: Warning (graph_port): /soc/funnel@7e001000/ports/port@3: graph node unit address error, expected "2"
  also defined at ../arch/arm64/boot/dts/nicky-A/ums9230.dtsi:423.12-429.7
  also defined at ../arch/arm64/boot/dts/nicky-A/ums9230.dtsi:423.12-429.7
  also defined at ../arch/arm64/boot/dts/nicky-A/ums9230.dtsi:423.12-429.7
../arch/arm64/boot/dts/nicky-A/ums9230.dtsi:431.12-437.7: Warning (graph_port): /soc/funnel@7e001000/ports/port@4: graph node unit address error, expected "3"
  also defined at ../arch/arm64/boot/dts/nicky-A/ums9230.dtsi:431.12-437.7
  also defined at ../arch/arm64/boot/dts/nicky-A/ums9230.dtsi:431.12-437.7
  also defined at ../arch/arm64/boot/dts/nicky-A/ums9230.dtsi:431.12-437.7
../arch/arm64/boot/dts/nicky-A/ums9230.dtsi:500.12-506.7: Warning (graph_port): /soc/funnel@7e004000/ports/port@1: graph node unit address error, expected "0"
  also defined at ../arch/arm64/boot/dts/nicky-A/ums9230.dtsi:500.12-506.7
  also defined at ../arch/arm64/boot/dts/nicky-A/ums9230.dtsi:500.12-506.7
  also defined at ../arch/arm64/boot/dts/nicky-A/ums9230.dtsi:500.12-506.7
../arch/arm64/boot/dts/nicky-A/ums9230.dtsi:508.12-514.7: Warning (graph_port): /soc/funnel@7e004000/ports/port@2: graph node unit address error, expected "1"
  also defined at ../arch/arm64/boot/dts/nicky-A/ums9230.dtsi:508.12-514.7
  also defined at ../arch/arm64/boot/dts/nicky-A/ums9230.dtsi:508.12-514.7
  also defined at ../arch/arm64/boot/dts/nicky-A/ums9230.dtsi:508.12-514.7
../arch/arm64/boot/dts/nicky-A/ums9230.dtsi:536.12-542.7: Warning (graph_port): /soc/funnel@7e005000/ports/port@1: graph node unit address error, expected "0"
  also defined at ../arch/arm64/boot/dts/nicky-A/ums9230.dtsi:536.12-542.7
  also defined at ../arch/arm64/boot/dts/nicky-A/ums9230.dtsi:536.12-542.7
  also defined at ../arch/arm64/boot/dts/nicky-A/ums9230.dtsi:536.12-542.7
../arch/arm64/boot/dts/nicky-A/ums9230.dtsi:544.12-550.7: Warning (graph_port): /soc/funnel@7e005000/ports/port@2: graph node unit address error, expected "1"
  also defined at ../arch/arm64/boot/dts/nicky-A/ums9230.dtsi:544.12-550.7
  also defined at ../arch/arm64/boot/dts/nicky-A/ums9230.dtsi:544.12-550.7
  also defined at ../arch/arm64/boot/dts/nicky-A/ums9230.dtsi:544.12-550.7
../arch/arm64/boot/dts/nicky-A/ums9230.dtsi:552.12-558.7: Warning (graph_port): /soc/funnel@7e005000/ports/port@3: graph node unit address error, expected "2"
  also defined at ../arch/arm64/boot/dts/nicky-A/ums9230.dtsi:552.12-558.7
  also defined at ../arch/arm64/boot/dts/nicky-A/ums9230.dtsi:552.12-558.7
  also defined at ../arch/arm64/boot/dts/nicky-A/ums9230.dtsi:552.12-558.7
../arch/arm64/boot/dts/nicky-A/ums9230.dtsi:560.12-566.7: Warning (graph_port): /soc/funnel@7e005000/ports/port@4: graph node unit address error, expected "3"
  also defined at ../arch/arm64/boot/dts/nicky-A/ums9230.dtsi:560.12-566.7
  also defined at ../arch/arm64/boot/dts/nicky-A/ums9230.dtsi:560.12-566.7
  also defined at ../arch/arm64/boot/dts/nicky-A/ums9230.dtsi:560.12-566.7
../arch/arm64/boot/dts/nicky/ums9230.dtsi:431.12-437.7: Warning (graph_port): /soc/funnel@7e001000/ports/port@4: graph node unit address error, expected "3"
  also defined at ../arch/arm64/boot/dts/nicky/ums9230.dtsi:431.12-437.7
  also defined at ../arch/arm64/boot/dts/nicky/ums9230.dtsi:431.12-437.7
  also defined at ../arch/arm64/boot/dts/nicky/ums9230.dtsi:431.12-437.7
../arch/arm64/boot/dts/nicky/ums9230.dtsi:500.12-506.7: Warning (graph_port): /soc/funnel@7e004000/ports/port@1: graph node unit address error, expected "0"
  also defined at ../arch/arm64/boot/dts/nicky/ums9230.dtsi:500.12-506.7
  also defined at ../arch/arm64/boot/dts/nicky/ums9230.dtsi:500.12-506.7
  also defined at ../arch/arm64/boot/dts/nicky/ums9230.dtsi:500.12-506.7
../arch/arm64/boot/dts/nicky/ums9230.dtsi:508.12-514.7: Warning (graph_port): /soc/funnel@7e004000/ports/port@2: graph node unit address error, expected "1"
  also defined at ../arch/arm64/boot/dts/nicky/ums9230.dtsi:508.12-514.7
  also defined at ../arch/arm64/boot/dts/nicky/ums9230.dtsi:508.12-514.7
  also defined at ../arch/arm64/boot/dts/nicky/ums9230.dtsi:508.12-514.7
../arch/arm64/boot/dts/nicky/ums9230.dtsi:536.12-542.7: Warning (graph_port): /soc/funnel@7e005000/ports/port@1: graph node unit address error, expected "0"
  also defined at ../arch/arm64/boot/dts/nicky/ums9230.dtsi:536.12-542.7
  also defined at ../arch/arm64/boot/dts/nicky/ums9230.dtsi:536.12-542.7
  also defined at ../arch/arm64/boot/dts/nicky/ums9230.dtsi:536.12-542.7
../arch/arm64/boot/dts/nicky/ums9230.dtsi:544.12-550.7: Warning (graph_port): /soc/funnel@7e005000/ports/port@2: graph node unit address error, expected "1"
  also defined at ../arch/arm64/boot/dts/nicky/ums9230.dtsi:544.12-550.7
  also defined at ../arch/arm64/boot/dts/nicky/ums9230.dtsi:544.12-550.7
  also defined at ../arch/arm64/boot/dts/nicky/ums9230.dtsi:544.12-550.7
../arch/arm64/boot/dts/nicky/ums9230.dtsi:552.12-558.7: Warning (graph_port): /soc/funnel@7e005000/ports/port@3: graph node unit address error, expected "2"
  also defined at ../arch/arm64/boot/dts/nicky/ums9230.dtsi:552.12-558.7
  also defined at ../arch/arm64/boot/dts/nicky/ums9230.dtsi:552.12-558.7
  also defined at ../arch/arm64/boot/dts/nicky/ums9230.dtsi:552.12-558.7
../arch/arm64/boot/dts/nicky/ums9230.dtsi:560.12-566.7: Warning (graph_port): /soc/funnel@7e005000/ports/port@4: graph node unit address error, expected "3"
  also defined at ../arch/arm64/boot/dts/nicky/ums9230.dtsi:560.12-566.7
  also defined at ../arch/arm64/boot/dts/nicky/ums9230.dtsi:560.12-566.7
  also defined at ../arch/arm64/boot/dts/nicky/ums9230.dtsi:560.12-566.7
  DTC     arch/arm64/boot/dts/nico/ums9230.dtb
  DTC     arch/arm64/boot/dts/nicky-A/ums9230-nicky-A-overlay-evb.dtbo
  DTC     arch/arm64/boot/dts/nicky/ums9230-nicky-overlay-evb.dtbo
../arch/arm64/boot/dts/nico/ums9230-qos.dtsi:13.2-9: Warning (ranges_format): /qos:ranges: empty "ranges" property but its #address-cells (1) differs from / (2)
../arch/arm64/boot/dts/nico/ums9230-qos.dtsi:13.2-9: Warning (ranges_format): /qos:ranges: empty "ranges" property but its #size-cells (0) differs from / (2)
../arch/arm64/boot/dts/nico/ums9230.dtsi:407.12-413.7: Warning (graph_port): /soc/funnel@7e001000/ports/port@1: graph node unit address error, expected "0"
  also defined at ../arch/arm64/boot/dts/nico/ums9230.dtsi:407.12-413.7
  also defined at ../arch/arm64/boot/dts/nico/ums9230.dtsi:407.12-413.7
  also defined at ../arch/arm64/boot/dts/nico/ums9230.dtsi:407.12-413.7
../arch/arm64/boot/dts/nico/ums9230.dtsi:415.12-421.7: Warning (graph_port): /soc/funnel@7e001000/ports/port@2: graph node unit address error, expected "1"
  also defined at ../arch/arm64/boot/dts/nico/ums9230.dtsi:415.12-421.7
  also defined at ../arch/arm64/boot/dts/nico/ums9230.dtsi:415.12-421.7
  also defined at ../arch/arm64/boot/dts/nico/ums9230.dtsi:415.12-421.7
../arch/arm64/boot/dts/nico/ums9230.dtsi:423.12-429.7: Warning (graph_port): /soc/funnel@7e001000/ports/port@3: graph node unit address error, expected "2"
  also defined at ../arch/arm64/boot/dts/nico/ums9230.dtsi:423.12-429.7
  also defined at ../arch/arm64/boot/dts/nico/ums9230.dtsi:423.12-429.7
  also defined at ../arch/arm64/boot/dts/nico/ums9230.dtsi:423.12-429.7
../arch/arm64/boot/dts/nico/ums9230.dtsi:431.12-437.7: Warning (graph_port): /soc/funnel@7e001000/ports/port@4: graph node unit address error, expected "3"
  also defined at ../arch/arm64/boot/dts/nico/ums9230.dtsi:431.12-437.7
  also defined at ../arch/arm64/boot/dts/nico/ums9230.dtsi:431.12-437.7
  also defined at ../arch/arm64/boot/dts/nico/ums9230.dtsi:431.12-437.7
../arch/arm64/boot/dts/nico/ums9230.dtsi:500.12-506.7: Warning (graph_port): /soc/funnel@7e004000/ports/port@1: graph node unit address error, expected "0"
  also defined at ../arch/arm64/boot/dts/nico/ums9230.dtsi:500.12-506.7
  also defined at ../arch/arm64/boot/dts/nico/ums9230.dtsi:500.12-506.7
  also defined at ../arch/arm64/boot/dts/nico/ums9230.dtsi:500.12-506.7
../arch/arm64/boot/dts/nico/ums9230.dtsi:508.12-514.7: Warning (graph_port): /soc/funnel@7e004000/ports/port@2: graph node unit address error, expected "1"
  also defined at ../arch/arm64/boot/dts/nico/ums9230.dtsi:508.12-514.7
  also defined at ../arch/arm64/boot/dts/nico/ums9230.dtsi:508.12-514.7
  also defined at ../arch/arm64/boot/dts/nico/ums9230.dtsi:508.12-514.7
../arch/arm64/boot/dts/nico/ums9230.dtsi:536.12-542.7: Warning (graph_port): /soc/funnel@7e005000/ports/port@1: graph node unit address error, expected "0"
  also defined at ../arch/arm64/boot/dts/nico/ums9230.dtsi:536.12-542.7
  also defined at ../arch/arm64/boot/dts/nico/ums9230.dtsi:536.12-542.7
  also defined at ../arch/arm64/boot/dts/nico/ums9230.dtsi:536.12-542.7
../arch/arm64/boot/dts/nico/ums9230.dtsi:544.12-550.7: Warning (graph_port): /soc/funnel@7e005000/ports/port@2: graph node unit address error, expected "1"
  also defined at ../arch/arm64/boot/dts/nico/ums9230.dtsi:544.12-550.7
  also defined at ../arch/arm64/boot/dts/nico/ums9230.dtsi:544.12-550.7
  also defined at ../arch/arm64/boot/dts/nico/ums9230.dtsi:544.12-550.7
../arch/arm64/boot/dts/nico/ums9230.dtsi:552.12-558.7: Warning (graph_port): /soc/funnel@7e005000/ports/port@3: graph node unit address error, expected "2"
  also defined at ../arch/arm64/boot/dts/nico/ums9230.dtsi:552.12-558.7
  also defined at ../arch/arm64/boot/dts/nico/ums9230.dtsi:552.12-558.7
  also defined at ../arch/arm64/boot/dts/nico/ums9230.dtsi:552.12-558.7
../arch/arm64/boot/dts/nico/ums9230.dtsi:560.12-566.7: Warning (graph_port): /soc/funnel@7e005000/ports/port@4: graph node unit address error, expected "3"
  also defined at ../arch/arm64/boot/dts/nico/ums9230.dtsi:560.12-566.7
  also defined at ../arch/arm64/boot/dts/nico/ums9230.dtsi:560.12-566.7
  also defined at ../arch/arm64/boot/dts/nico/ums9230.dtsi:560.12-566.7
  DTC     arch/arm64/boot/dts/nicky/ums9230-nicky-overlay-t0-1.dtbo
  DTC     arch/arm64/boot/dts/nicky-A/ums9230-nicky-A-overlay-t0-1.dtbo
  DTC     arch/arm64/boot/dts/nico/ums9230-nico-overlay-evb.dtbo
  DTC     arch/arm64/boot/dts/nicky/ums9230-nicky-overlay-evt1.dtbo
  DTC     arch/arm64/boot/dts/nicky-A/ums9230-nicky-A-overlay-evt1.dtbo
  DTC     arch/arm64/boot/dts/nicky/ums9230-nicky-overlay-evt2.dtbo
  DTC     arch/arm64/boot/dts/nico/ums9230-nico-overlay-t0-1.dtbo
  DTC     arch/arm64/boot/dts/nicky/ums9230-nicky-overlay-dvt.dtbo
  DTC     arch/arm64/boot/dts/nicky-A/ums9230-nicky-A-overlay-evt2.dtbo
  DTC     arch/arm64/boot/dts/nico/ums9230-nico-overlay-t0-2.dtbo
  DTC     arch/arm64/boot/dts/nico/ums9230-nico-overlay-evt1.dtbo
  DTC     arch/arm64/boot/dts/nicky/ums9230-nicky-overlay-pvt.dtbo
  DTC     arch/arm64/boot/dts/nicky-A/ums9230-nicky-A-overlay-dvt.dtbo
  DTC     arch/arm64/boot/dts/nico/ums9230-nico-overlay-dvt.dtbo
  DTC     arch/arm64/boot/dts/nicky-A/ums9230-nicky-A-overlay-pvt.dtbo
  DTC     arch/arm64/boot/dts/nicky/ums9230-nicky-overlay-mp-0.dtbo
  DTC     arch/arm64/boot/dts/nicky/ums9230-nicky-overlay-mp-1.dtbo
  DTC     arch/arm64/boot/dts/nico/ums9230-nico-overlay-pvt.dtbo
  DTC     arch/arm64/boot/dts/nico-go/ums9230.dtb
  CC      scripts/mod/empty.o
-- ReSukiSU version code: 34956
-- ReSukiSU version name: v4.1.0-ebdffba4@ReSukiSU
-- Supported Unofficial Manager: MKSU, RKSU, KOWSU, SukiSU-Ultra, ReSukiSU 
-- KERNEL_VERSION: 5.4
-- KERNEL_TYPE: GKI 1.0
-- ReSukiSU: using Manual Hook
../arch/arm64/boot/dts/nico-go/ums9230-qos.dtsi:13.2-9: Warning (ranges_format): /qos:ranges: empty "ranges" property but its #address-cells (1) differs from / (2)
../arch/arm64/boot/dts/nico-go/ums9230-qos.dtsi:13.2-9: Warning (ranges_format): /qos:ranges: empty "ranges" property but its #size-cells (0) differs from / (2)
../arch/arm64/boot/dts/nico-go/ums9230.dtsi:407.12-413.7: Warning (graph_port): /soc/funnel@7e001000/ports/port@1: graph node unit address error, expected "0"
  also defined at ../arch/arm64/boot/dts/nico-go/ums9230.dtsi:407.12-413.7
  also defined at ../arch/arm64/boot/dts/nico-go/ums9230.dtsi:407.12-413.7
  also defined at ../arch/arm64/boot/dts/nico-go/ums9230.dtsi:407.12-413.7
../arch/arm64/boot/dts/nico-go/ums9230.dtsi:415.12-421.7: Warning (graph_port): /soc/funnel@7e001000/ports/port@2: graph node unit address error, expected "1"
  also defined at ../arch/arm64/boot/dts/nico-go/ums9230.dtsi:415.12-421.7
  also defined at ../arch/arm64/boot/dts/nico-go/ums9230.dtsi:415.12-421.7
  also defined at ../arch/arm64/boot/dts/nico-go/ums9230.dtsi:415.12-421.7
../arch/arm64/boot/dts/nico-go/ums9230.dtsi:423.12-429.7: Warning (graph_port): /soc/funnel@7e001000/ports/port@3: graph node unit address error, expected "2"
  also defined at ../arch/arm64/boot/dts/nico-go/ums9230.dtsi:423.12-429.7
  also defined at ../arch/arm64/boot/dts/nico-go/ums9230.dtsi:423.12-429.7
  also defined at ../arch/arm64/boot/dts/nico-go/ums9230.dtsi:423.12-429.7
../arch/arm64/boot/dts/nico-go/ums9230.dtsi:431.12-437.7: Warning (graph_port): /soc/funnel@7e001000/ports/port@4: graph node unit address error, expected "3"
  also defined at ../arch/arm64/boot/dts/nico-go/ums9230.dtsi:431.12-437.7
  also defined at ../arch/arm64/boot/dts/nico-go/ums9230.dtsi:431.12-437.7
  also defined at ../arch/arm64/boot/dts/nico-go/ums9230.dtsi:431.12-437.7
../arch/arm64/boot/dts/nico-go/ums9230.dtsi:500.12-506.7: Warning (graph_port): /soc/funnel@7e004000/ports/port@1: graph node unit address error, expected "0"
  also defined at ../arch/arm64/boot/dts/nico-go/ums9230.dtsi:500.12-506.7
  also defined at ../arch/arm64/boot/dts/nico-go/ums9230.dtsi:500.12-506.7
  also defined at ../arch/arm64/boot/dts/nico-go/ums9230.dtsi:500.12-506.7
../arch/arm64/boot/dts/nico-go/ums9230.dtsi:508.12-514.7: Warning (graph_port): /soc/funnel@7e004000/ports/port@2: graph node unit address error, expected "1"
  also defined at ../arch/arm64/boot/dts/nico-go/ums9230.dtsi:508.12-514.7
  also defined at ../arch/arm64/boot/dts/nico-go/ums9230.dtsi:508.12-514.7
  also defined at ../arch/arm64/boot/dts/nico-go/ums9230.dtsi:508.12-514.7
../arch/arm64/boot/dts/nico-go/ums9230.dtsi:536.12-542.7: Warning (graph_port): /soc/funnel@7e005000/ports/port@1: graph node unit address error, expected "0"
  also defined at ../arch/arm64/boot/dts/nico-go/ums9230.dtsi:536.12-542.7
  also defined at ../arch/arm64/boot/dts/nico-go/ums9230.dtsi:536.12-542.7
  also defined at ../arch/arm64/boot/dts/nico-go/ums9230.dtsi:536.12-542.7
../arch/arm64/boot/dts/nico-go/ums9230.dtsi:544.12-550.7: Warning (graph_port): /soc/funnel@7e005000/ports/port@2: graph node unit address error, expected "1"
  also defined at ../arch/arm64/boot/dts/nico-go/ums9230.dtsi:544.12-550.7
  also defined at ../arch/arm64/boot/dts/nico-go/ums9230.dtsi:544.12-550.7
  also defined at ../arch/arm64/boot/dts/nico-go/ums9230.dtsi:544.12-550.7
../arch/arm64/boot/dts/nico-go/ums9230.dtsi:552.12-558.7: Warning (graph_port): /soc/funnel@7e005000/ports/port@3: graph node unit address error, expected "2"
  also defined at ../arch/arm64/boot/dts/nico-go/ums9230.dtsi:552.12-558.7
  also defined at ../arch/arm64/boot/dts/nico-go/ums9230.dtsi:552.12-558.7
  also defined at ../arch/arm64/boot/dts/nico-go/ums9230.dtsi:552.12-558.7
../arch/arm64/boot/dts/nico-go/ums9230.dtsi:560.12-566.7: Warning (graph_port): /soc/funnel@7e005000/ports/port@4: graph node unit address error, expected "3"
  also defined at ../arch/arm64/boot/dts/nico-go/ums9230.dtsi:560.12-566.7
  also defined at ../arch/arm64/boot/dts/nico-go/ums9230.dtsi:560.12-566.7
  also defined at ../arch/arm64/boot/dts/nico-go/ums9230.dtsi:560.12-566.7
  DTC     arch/arm64/boot/dts/nico-go/ums9230-nico_go-overlay.dtbo
-- ReSukiSU/manual_hook: You are using LSM hooks for setuid hooks.
-- ReSukiSU/manual_hook: You are using LSM hooks for init rc hooks.
-- ReSukiSU/manual_hook: You are using input_handler for input hooks.
-- ReSukiSU/manual_hook: ksu_handle_execveat found
-- ReSukiSU/manual_hook: ksu_handle_faccessat found
-- ReSukiSU/manual_hook: ksu_handle_stat found
-- ReSukiSU/manual_hook: ksu_handle_newfstat_ret found
-- ReSukiSU/manual_hook: ksu_handle_fstat64_ret found
-- ReSukiSU/manual_hook: ksu_handle_sys_reboot found
-- ReSukiSU/compat: current_sid found
-- ReSukiSU/compat: selinux_state found
-- ReSukiSU/compat: kernel_read found
-- ReSukiSU/compat: kernel_write found
-- ReSukiSU/compat: path_umount found
-- ReSukiSU/compat: selinux_inode found
-- ReSukiSU/compat: selinux_cred found
-- ReSukiSU/compat: seccomp_filter_count found
-- ReSukiSU/compat: put_seccomp_filter found
  CC      scripts/mod/devicetable-offsets.s
-- ReSukiSU/compat: security_inode_init_security_anon found
-- ReSukiSU/compat: anon_inode_getfd_secure found
-- ReSukiSU/compat: file_inode() found
-- ReSukiSU/compat: ns_get_path found
-- ReSukiSU/compat: modern dentry_open found
-- ReSukiSU/compat: ext4_unregister_sysfs found
-- ReSukiSU/compat: f_op->read_iter found
-- ReSukiSU/compat: iterate_dir found
-- ReSukiSU/compat: modern static_key_interface found
-- ReSukiSU/compat: d_inode found
-- ReSukiSU/compat: inode_lock found
-- ReSukiSU/compat: modern errno file found
-- ReSukiSU/compat: overflow.h found
-- ReSukiSU/compat: modern proc ns header file found
-- ReSukiSU/compat: android spec POLICYDB_CONFIG_ANDROID_NETLINK_ROUTE found!!
-- ReSukiSU/compat: android spec POLICYDB_CONFIG_ANDROID_NETLINK_GETNEIGH found!!
-- ReSukiSU/compat: found modern selinux policydb
-- ReSukiSU/compat: found sidtab as reference
-- ReSukiSU/compat: found hlist in security_hook_list
-- ReSukiSU/compat: found new setprocattr prototype
-- ReSukiSU/compat: found required provide lsm name
  MKELF   scripts/mod/elfconfig.h
  HOSTCC  scripts/mod/sumversion.o
  HDRINST usr/include/asm-generic/resource.h
  HDRINST usr/include/asm-generic/fcntl.h
  HDRINST usr/include/asm-generic/swab.h
  HDRINST usr/include/asm-generic/siginfo.h
  HDRINST usr/include/asm-generic/mman-common.h
  HDRINST usr/include/asm-generic/ioctls.h
  HDRINST usr/include/asm-generic/socket.h
  HDRINST usr/include/asm-generic/hugetlb_encode.h
  HDRINST usr/include/asm-generic/msgbuf.h
  HDRINST usr/include/asm-generic/stat.h
  HDRINST usr/include/asm-generic/signal.h
  HDRINST usr/include/asm-generic/errno.h
  HDRINST usr/include/asm-generic/bpf_perf_event.h
  HOSTCC  scripts/mod/modpost.o
  HDRINST usr/include/asm-generic/param.h
  HDRINST usr/include/asm-generic/types.h
  HDRINST usr/include/asm-generic/sockios.h
  HDRINST usr/include/asm-generic/mman.h
  HDRINST usr/include/asm-generic/ucontext.h
  HDRINST usr/include/asm-generic/kvm_para.h
  HDRINST usr/include/asm-generic/int-ll64.h
  HDRINST usr/include/asm-generic/ioctl.h
  HOSTCC  scripts/mod/file2alias.o
  HDRINST usr/include/asm-generic/ipcbuf.h
  HDRINST usr/include/asm-generic/posix_types.h
  HDRINST usr/include/asm-generic/poll.h
  HDRINST usr/include/asm-generic/setup.h
  HDRINST usr/include/asm-generic/shmbuf.h
  HDRINST usr/include/asm-generic/errno-base.h
  HDRINST usr/include/asm-generic/statfs.h
  HDRINST usr/include/asm-generic/termios.h
  HDRINST usr/include/asm-generic/termbits.h
  HDRINST usr/include/asm-generic/unistd.h
  HDRINST usr/include/asm-generic/auxvec.h
  HDRINST usr/include/asm-generic/signal-defs.h
  HDRINST usr/include/asm-generic/bitsperlong.h
  HDRINST usr/include/asm-generic/int-l64.h
  HDRINST usr/include/asm-generic/sembuf.h
  HDRINST usr/include/drm/lima_drm.h
  HDRINST usr/include/drm/drm_mode.h
  HDRINST usr/include/drm/i915_drm.h
  HOSTLD  scripts/mod/modpost
  HDRINST usr/include/drm/gsp_cfg.h
  HDRINST usr/include/drm/i810_drm.h
  HDRINST usr/include/drm/drm.h
  HDRINST usr/include/drm/armada_drm.h
  HDRINST usr/include/drm/v3d_drm.h
  HDRINST usr/include/drm/savage_drm.h
  HDRINST usr/include/drm/vc4_drm.h
  HDRINST usr/include/drm/omap_drm.h
  HDRINST usr/include/drm/virtgpu_drm.h
  HDRINST usr/include/drm/etnaviv_drm.h
  HDRINST usr/include/drm/via_drm.h
  HDRINST usr/include/drm/sis_drm.h
  HDRINST usr/include/drm/drm_sarea.h
  HDRINST usr/include/drm/nouveau_drm.h
  HDRINST usr/include/drm/gsp_r8p0_cfg.h
  HDRINST usr/include/drm/mga_drm.h
  HDRINST usr/include/drm/gsp_r6p0_cfg.h
  HDRINST usr/include/drm/radeon_drm.h
  HDRINST usr/include/drm/gsp_lite_r2p0_cfg.h
  HDRINST usr/include/drm/gsp_r9p0_cfg.h
  HDRINST usr/include/drm/r128_drm.h
  HDRINST usr/include/drm/exynos_drm.h
  HDRINST usr/include/drm/msm_drm.h
  HDRINST usr/include/drm/drm_fourcc.h
  HDRINST usr/include/drm/amdgpu_drm.h
  CC      kernel/bounds.s
  HDRINST usr/include/drm/panfrost_drm.h
  HDRINST usr/include/drm/vmwgfx_drm.h
  HDRINST usr/include/drm/vgem_drm.h
  HDRINST usr/include/drm/qxl_drm.h
  HDRINST usr/include/drm/tegra_drm.h
  HDRINST usr/include/drm/sprd_drm_gsp.h
  CALL    ../scripts/atomic/check-atomics.sh
  HDRINST usr/include/drm/gsp_lite_r3p0_cfg.h
  HDRINST usr/include/linux/atalk.h
  HDRINST usr/include/linux/cec.h
  HDRINST usr/include/linux/uinput.h
  HDRINST usr/include/linux/nfsacl.h
  HDRINST usr/include/linux/capi.h
  HDRINST usr/include/linux/target_core_user.h
  HDRINST usr/include/linux/pkt_sched.h
  HDRINST usr/include/linux/resource.h
  HDRINST usr/include/linux/fcntl.h
  HDRINST usr/include/linux/xilinx-v4l2-controls.h
  HDRINST usr/include/linux/hid.h
  HDRINST usr/include/linux/cuda.h
  HDRINST usr/include/linux/prctl.h
  HDRINST usr/include/linux/am437x-vpfe.h
  HDRINST usr/include/linux/bfs_fs.h
  HDRINST usr/include/linux/fuse.h
  HDRINST usr/include/linux/ipv6_route.h
  HDRINST usr/include/linux/cdrom.h
  HDRINST usr/include/linux/iommu.h
  HDRINST usr/include/linux/bpf_common.h
  HDRINST usr/include/linux/nfc.h
  HDRINST usr/include/linux/agpgart.h
  HDRINST usr/include/linux/msdos_fs.h
  HDRINST usr/include/linux/if_ppp.h
  HDRINST usr/include/linux/ip.h
  HDRINST usr/include/linux/errqueue.h
  HDRINST usr/include/linux/dlm_netlink.h
  HDRINST usr/include/linux/swab.h
  HDRINST usr/include/linux/hdlc/ioctl.h
  HDRINST usr/include/linux/ethtool.h
  HDRINST usr/include/linux/virtio_gpu.h
  HDRINST usr/include/linux/cifs/cifs_mount.h
  HDRINST usr/include/linux/firewire-constants.h
  HDRINST usr/include/linux/keyctl.h
  HDRINST usr/include/linux/btrfs_tree.h
  HDRINST usr/include/linux/hdreg.h
  HDRINST usr/include/linux/atm_tcp.h
  CC      arch/arm64/kernel/asm-offsets.s
  HDRINST usr/include/linux/net_dropmon.h
  HDRINST usr/include/linux/i8k.h
  HDRINST usr/include/linux/mroute.h
  HDRINST usr/include/linux/socket.h
  HDRINST usr/include/linux/cn_proc.h
  HDRINST usr/include/linux/x25.h
  HDRINST usr/include/linux/securebits.h
  HDRINST usr/include/linux/ife.h
  HDRINST usr/include/linux/virtio_blk.h
  HDRINST usr/include/linux/netfilter_ipv6.h
  HDRINST usr/include/linux/virtio_scsi.h
  HDRINST usr/include/linux/rtc.h
  HDRINST usr/include/linux/wimax.h
  HDRINST usr/include/linux/qnx4_fs.h
  HDRINST usr/include/linux/limits.h
  HDRINST usr/include/linux/usbip.h
  HDRINST usr/include/linux/v4l2-dv-timings.h
  HDRINST usr/include/linux/pci.h
  HDRINST usr/include/linux/unix_diag.h
  HDRINST usr/include/linux/n_r3964.h
  HDRINST usr/include/linux/jffs2.h
  HDRINST usr/include/linux/psp-sev.h
  HDRINST usr/include/linux/rxrpc.h
  HDRINST usr/include/linux/llc.h
  HDRINST usr/include/linux/virtio_ids.h
  HDRINST usr/include/linux/atm_he.h
  HDRINST usr/include/linux/pcitest.h
  HDRINST usr/include/linux/posix_acl_xattr.h
  HDRINST usr/include/linux/serio.h
  HDRINST usr/include/linux/gen_stats.h
  HDRINST usr/include/linux/virtio_9p.h
  HDRINST usr/include/linux/sound.h
  HDRINST usr/include/linux/lp.h
  HDRINST usr/include/linux/dm-user.h
  HDRINST usr/include/linux/coda.h
  HDRINST usr/include/linux/atm_idt77105.h
  HDRINST usr/include/linux/dm-ioctl.h
  HDRINST usr/include/linux/dcbnl.h
  HDRINST usr/include/linux/serial_core.h
  HDRINST usr/include/linux/romfs_fs.h
  HDRINST usr/include/linux/kcmp.h
  HDRINST usr/include/linux/autotest.h
  HDRINST usr/include/linux/blktrace_api.h
  HDRINST usr/include/linux/signalfd.h
  HDRINST usr/include/linux/virtio_vsock.h
  HDRINST usr/include/linux/nfs_fs.h
  HDRINST usr/include/linux/hysdn_if.h
  HDRINST usr/include/linux/vmcore.h
  HDRINST usr/include/linux/atmmpc.h
  HDRINST usr/include/linux/genetlink.h
  HDRINST usr/include/linux/ipmi_bmc.h
  HDRINST usr/include/linux/android/binder.h
  HDRINST usr/include/linux/android/binderfs.h
  HDRINST usr/include/linux/mei.h
  HDRINST usr/include/linux/erspan.h
  HDRINST usr/include/linux/tipc_netlink.h
  HDRINST usr/include/linux/if_ether.h
  HDRINST usr/include/linux/dlm_device.h
  HDRINST usr/include/linux/map_to_7segment.h
  HDRINST usr/include/linux/time_types.h
  HDRINST usr/include/linux/cryptouser.h
  HDRINST usr/include/linux/in.h
  HDRINST usr/include/linux/seg6_local.h
  HDRINST usr/include/linux/stat.h
  HDRINST usr/include/linux/if_bridge.h
  HDRINST usr/include/linux/connector.h
  HDRINST usr/include/linux/dm-log-userspace.h
  HDRINST usr/include/linux/spi/spidev.h
  HDRINST usr/include/linux/if_packet.h
  HDRINST usr/include/linux/caif/caif_socket.h
  HDRINST usr/include/linux/caif/if_caif.h
  HDRINST usr/include/linux/fscrypt.h
  HDRINST usr/include/linux/fanotify.h
  HDRINST usr/include/linux/hidraw.h
  HDRINST usr/include/linux/xdp_diag.h
  HDRINST usr/include/linux/net.h
  HDRINST usr/include/linux/mdio.h
  HDRINST usr/include/linux/elf.h
  HDRINST usr/include/linux/signal.h
  HDRINST usr/include/linux/btrfs.h
  HDRINST usr/include/linux/vm_sockets_diag.h
  HDRINST usr/include/linux/falloc.h
  HDRINST usr/include/linux/loop.h
  HDRINST usr/include/linux/edd.h
  HDRINST usr/include/linux/virtio_net.h
  HDRINST usr/include/linux/dvb/net.h
  HDRINST usr/include/linux/dvb/version.h
  HDRINST usr/include/linux/dvb/frontend.h
  HDRINST usr/include/linux/dvb/osd.h
  HDRINST usr/include/linux/dvb/audio.h
  HDRINST usr/include/linux/dvb/ca.h
  HDRINST usr/include/linux/dvb/dmx.h
  HDRINST usr/include/linux/dvb/video.h
  HDRINST usr/include/linux/vhost.h
  HDRINST usr/include/linux/sync_file.h
  HDRINST usr/include/linux/hpet.h
  HDRINST usr/include/linux/netconf.h
  HDRINST usr/include/linux/if_pppol2tp.h
  HDRINST usr/include/linux/atm_zatm.h
  HDRINST usr/include/linux/aspeed-p2a-ctrl.h
  HDRINST usr/include/linux/raw.h
  HDRINST usr/include/linux/neighbour.h
  HDRINST usr/include/linux/errno.h
  HDRINST usr/include/linux/bpf_perf_event.h
  HDRINST usr/include/linux/param.h
  HDRINST usr/include/linux/types.h
  HDRINST usr/include/linux/atmapi.h
  HDRINST usr/include/linux/ultrasound.h
  HDRINST usr/include/linux/wait.h
  HDRINST usr/include/linux/smc.h
  HDRINST usr/include/linux/auto_fs.h
  HDRINST usr/include/linux/cec-funcs.h
  HDRINST usr/include/linux/netlink.h
  HDRINST usr/include/linux/rose.h
  HDRINST usr/include/linux/ndctl.h
  HDRINST usr/include/linux/keyboard.h
  HDRINST usr/include/linux/cm4000_cs.h
  HDRINST usr/include/linux/nfs2.h
  HDRINST usr/include/linux/timerfd.h
  HDRINST usr/include/linux/sockios.h
  HDRINST usr/include/linux/tipc_sockets_diag.h
  HDRINST usr/include/linux/futex.h
  HDRINST usr/include/linux/fiemap.h
  HDRINST usr/include/linux/soundcard.h
  HDRINST usr/include/linux/i2o-dev.h
  HDRINST usr/include/linux/coresight-stm.h
  HDRINST usr/include/linux/dns_resolver.h
  HDRINST usr/include/linux/magic.h
  HDRINST usr/include/linux/veth.h
  HDRINST usr/include/linux/cyclades.h
  HDRINST usr/include/linux/if_frad.h
  HDRINST usr/include/linux/sctp.h
  HDRINST usr/include/linux/virtio_fs.h
  HDRINST usr/include/linux/pmu.h
  HDRINST usr/include/linux/ipv6.h
  HDRINST usr/include/linux/virtio_iommu.h
  HDRINST usr/include/linux/bcache.h
  HDRINST usr/include/linux/vsockmon.h
  HDRINST usr/include/linux/f2fs.h
  HDRINST usr/include/linux/gigaset_dev.h
  HDRINST usr/include/linux/atm_eni.h
  HDRINST usr/include/linux/seg6.h
  HDRINST usr/include/linux/kdev_t.h
  HDRINST usr/include/linux/bpf.h
  HDRINST usr/include/linux/atmlec.h
  HDRINST usr/include/linux/pktcdvd.h
  HDRINST usr/include/linux/virtio_pmem.h
  HDRINST usr/include/linux/parport.h
  HDRINST usr/include/linux/rtnetlink.h
  HDRINST usr/include/linux/igmp.h
  HDRINST usr/include/linux/xfrm.h
  HDRINST usr/include/linux/openvswitch.h
  HDRINST usr/include/linux/i2c.h
  HDRINST usr/include/linux/ptrace.h
  HDRINST usr/include/linux/hyperv.h
  HDRINST usr/include/linux/batman_adv.h
  HDRINST usr/include/linux/uio.h
  CALL    ../scripts/checksyscalls.sh
  HDRINST usr/include/linux/nfs.h
  HDRINST usr/include/linux/quota.h
  HDRINST usr/include/linux/hsi/hsi_char.h
  HDRINST usr/include/linux/hsi/cs-protocol.h
  HDRINST usr/include/linux/vfio.h
  HDRINST usr/include/linux/dlm.h
  HDRINST usr/include/linux/net_namespace.h
  HDRINST usr/include/linux/if_bonding.h
  HDRINST usr/include/linux/pps.h
  HDRINST usr/include/linux/cgroupstats.h
  HDRINST usr/include/linux/mman.h
  HDRINST usr/include/linux/kexec.h
  HDRINST usr/include/linux/elf-em.h
  HDRINST usr/include/linux/aio_abi.h
  HDRINST usr/include/linux/hash_info.h
  HDRINST usr/include/linux/seccomp.h
  HDRINST usr/include/linux/if_arp.h
  HDRINST usr/include/linux/nfs3.h
  HDRINST usr/include/linux/v4l2-mediabus.h
  HDRINST usr/include/linux/gtp.h
  HDRINST usr/include/linux/ipmi_msgdefs.h
  HDRINST usr/include/linux/isdn/capicmd.h
  CC      arch/arm64/kernel/vdso/vgettimeofday.o
  HDRINST usr/include/linux/lirc.h
  HDRINST usr/include/linux/mount.h
  HDRINST usr/include/linux/kd.h
  HDRINST usr/include/linux/adfs_fs.h
  HDRINST usr/include/linux/vtpm_proxy.h
  HDRINST usr/include/linux/shm.h
  HDRINST usr/include/linux/memfd.h
  HDRINST usr/include/linux/arm_sdei.h
  HDRINST usr/include/linux/gfs2_ondisk.h
  HDRINST usr/include/linux/v4l2-controls.h
  HDRINST usr/include/linux/smiapp.h
  HDRINST usr/include/linux/switchtec_ioctl.h
  HDRINST usr/include/linux/ipmi.h
  HDRINST usr/include/linux/random.h
  HDRINST usr/include/linux/vfio_ccw.h
  HDRINST usr/include/linux/selinux_netlink.h
  HDRINST usr/include/linux/if_tun.h
  HDRINST usr/include/linux/if_eql.h
  HDRINST usr/include/linux/serial_reg.h
  HDRINST usr/include/linux/meye.h
  HDRINST usr/include/linux/nbd.h
  LD      arch/arm64/kernel/vdso/vdso.so.dbg
  HDRINST usr/include/linux/if_alg.h
  HDRINST usr/include/linux/seg6_genl.h
  HDRINST usr/include/linux/nsfs.h
  HDRINST usr/include/linux/if_vlan.h
  HDRINST usr/include/linux/tcp_metrics.h
  HDRINST usr/include/linux/bpqether.h
  HDRINST usr/include/linux/incrementalfs.h
  HDRINST usr/include/linux/major.h
  HDRINST usr/include/linux/vboxguest.h
  HDRINST usr/include/linux/posix_acl.h
  HDRINST usr/include/linux/videodev2.h
  HDRINST usr/include/linux/lightnvm.h
  HDRINST usr/include/linux/hiddev.h
  HDRINST usr/include/linux/pci_regs.h
  HDRINST usr/include/linux/sonypi.h
  HDRINST usr/include/linux/kvm_para.h
  HDRINST usr/include/linux/virtio_ring.h
  HDRINST usr/include/linux/ipc.h
  HDRINST usr/include/linux/wmi.h
  HDRINST usr/include/linux/rpmb.h
  HDRINST usr/include/linux/virtio_types.h
  HDRINST usr/include/linux/coff.h
  HDRINST usr/include/linux/nexthop.h
  HDRINST usr/include/linux/seg6_iptunnel.h
  HDRINST usr/include/linux/atmclip.h
  HDRINST usr/include/linux/fb.h
  HDRINST usr/include/linux/if_tunnel.h
  HDRINST usr/include/linux/if_phonet.h
  HDRINST usr/include/linux/io_uring.h
  HDRINST usr/include/linux/virtio_mmio.h
  HDRINST usr/include/linux/dma-heap.h
  HDRINST usr/include/linux/tee.h
  HDRINST usr/include/linux/suspend_ioctls.h
  HDRINST usr/include/linux/sock_diag.h
  HDRINST usr/include/linux/string.h
  HDRINST usr/include/linux/atmsap.h
  HDRINST usr/include/linux/if_fc.h
  HDRINST usr/include/linux/ncsi.h
  HDRINST usr/include/linux/psample.h
  HDRINST usr/include/linux/hdlc.h
  HDRINST usr/include/linux/membarrier.h
  HDRINST usr/include/linux/genwqe/genwqe_card.h
  HDRINST usr/include/linux/fsi.h
  HDRINST usr/include/linux/inet_diag.h
  HDRINST usr/include/linux/dn.h
  HDRINST usr/include/linux/tipc.h
  HDRINST usr/include/linux/nfsd/nfsfh.h
  HDRINST usr/include/linux/nfsd/cld.h
  HDRINST usr/include/linux/nfsd/stats.h
  HDRINST usr/include/linux/nfsd/debug.h
  HDRINST usr/include/linux/nfsd/export.h
  HDRINST usr/include/linux/iio/events.h
  HDRINST usr/include/linux/iio/types.h
  HDRINST usr/include/linux/ax25.h
  HDRINST usr/include/linux/baycom.h
  HDRINST usr/include/linux/netfilter_ipv4.h
  HDRINST usr/include/linux/userfaultfd.h
  HDRINST usr/include/linux/ip6_tunnel.h
  HDRINST usr/include/linux/atm.h
  HDRINST usr/include/linux/ioctl.h
  HDRINST usr/include/linux/vhost_types.h
  HDRINST usr/include/linux/auto_dev-ioctl.h
  HDRINST usr/include/linux/fsmap.h
  HDRINST usr/include/linux/tipc_config.h
  HDRINST usr/include/linux/mic_common.h
  HDRINST usr/include/linux/radeonfb.h
  HDRINST usr/include/linux/smc_diag.h
  HDRINST usr/include/linux/phonet.h
  HDRINST usr/include/linux/fsverity.h
  HDRINST usr/include/linux/netrom.h
  VDSOSYM include/generated/vdso-offsets.h
  HDRINST usr/include/linux/tc_ematch/tc_em_nbyte.h
  HDRINST usr/include/linux/tc_ematch/tc_em_ipt.h
  HDRINST usr/include/linux/tc_ematch/tc_em_cmp.h
  HDRINST usr/include/linux/tc_ematch/tc_em_meta.h
  HDRINST usr/include/linux/tc_ematch/tc_em_text.h
  HDRINST usr/include/linux/ptp_clock.h
  HDRINST usr/include/linux/kernel.h
  HDRINST usr/include/linux/nfs4.h
  HDRINST usr/include/linux/udmabuf.h
  HDRINST usr/include/linux/hw_breakpoint.h
  HDRINST usr/include/linux/hdlcdrv.h
  HDRINST usr/include/linux/psci.h
  HDRINST usr/include/linux/nilfs2_api.h
  HDRINST usr/include/linux/sched/types.h
  HDRINST usr/include/linux/snmp.h
  HDRINST usr/include/linux/serial.h
  HDRINST usr/include/linux/bcm933xx_hcs.h
  HDRINST usr/include/linux/can.h
  HDRINST usr/include/linux/tcp.h
  HDRINST usr/include/linux/minix_fs.h
  HDRINST usr/include/linux/synclink.h
  HDRINST usr/include/linux/bpfilter.h
  HDRINST usr/include/linux/icmp.h
  HDRINST usr/include/linux/posix_types.h
  HDRINST usr/include/linux/in_route.h
  HDRINST usr/include/linux/bsg.h
  HDRINST usr/include/linux/xattr.h
  HDRINST usr/include/linux/zorro.h
  HDRINST usr/include/linux/ppp-comp.h
  HDRINST usr/include/linux/firewire-cdev.h
  HDRINST usr/include/linux/uuid.h
  HDRINST usr/include/linux/userio.h
  HDRINST usr/include/linux/thermal.h
  HDRINST usr/include/linux/reiserfs_xattr.h
  HDRINST usr/include/linux/netfilter.h
  HDRINST usr/include/linux/pg.h
  HDRINST usr/include/linux/poll.h
  HDRINST usr/include/linux/msg.h
  HDRINST usr/include/linux/affs_hardblocks.h
  HDRINST usr/include/linux/dlm_plock.h
  HDRINST usr/include/linux/mpls_iptunnel.h
  HDRINST usr/include/linux/pkt_cls.h
  HDRINST usr/include/linux/fpga-dfl.h
  HDRINST usr/include/linux/libc-compat.h
  HDRINST usr/include/linux/nfc/nfcinfo.h
  HDRINST usr/include/linux/virtio_balloon.h
  HDRINST usr/include/linux/blkzoned.h
  HDRINST usr/include/linux/rseq.h
  HDRINST usr/include/linux/atmarp.h
  HDRINST usr/include/linux/aspeed-lpc-ctrl.h
  HDRINST usr/include/linux/if_fddi.h
  HDRINST usr/include/linux/mtio.h
  HDRINST usr/include/linux/kernel-page-flags.h
  HDRINST usr/include/linux/irqnr.h
  HDRINST usr/include/linux/reboot.h
  HDRINST usr/include/linux/vt.h
  HDRINST usr/include/linux/watchdog.h
  HDRINST usr/include/linux/if_pppox.h
  HDRINST usr/include/linux/if.h
  HDRINST usr/include/linux/phantom.h
  HDRINST usr/include/linux/pfkeyv2.h
  HDRINST usr/include/linux/tc_act/tc_tunnel_key.h
  HDRINST usr/include/linux/tc_act/tc_ct.h
  HDRINST usr/include/linux/tc_act/tc_bpf.h
  HDRINST usr/include/linux/tc_act/tc_skbedit.h
  HDRINST usr/include/linux/tc_act/tc_nat.h
  HDRINST usr/include/linux/tc_act/tc_ife.h
  HDRINST usr/include/linux/tc_act/tc_csum.h
  HDRINST usr/include/linux/tc_act/tc_skbmod.h
  HDRINST usr/include/linux/tc_act/tc_gact.h
  HDRINST usr/include/linux/tc_act/tc_ipt.h
  HDRINST usr/include/linux/tc_act/tc_mpls.h
  HDRINST usr/include/linux/tc_act/tc_defact.h
  HDRINST usr/include/linux/tc_act/tc_ctinfo.h
  HDRINST usr/include/linux/tc_act/tc_pedit.h
  HDRINST usr/include/linux/tc_act/tc_mirred.h
  HDRINST usr/include/linux/tc_act/tc_connmark.h
  HDRINST usr/include/linux/tc_act/tc_sample.h
  HDRINST usr/include/linux/tc_act/tc_vlan.h
  HDRINST usr/include/linux/personality.h
  HDRINST usr/include/linux/screen_info.h
  HDRINST usr/include/linux/times.h
  HDRINST usr/include/linux/tiocl.h
  HDRINST usr/include/linux/efs_fs_sb.h
  HDRINST usr/include/linux/udp.h
  HDRINST usr/include/linux/atmppp.h
  HDRINST usr/include/linux/capability.h
  HDRINST usr/include/linux/fs.h
  HDRINST usr/include/linux/netfilter_ipv4/ipt_LOG.h
  HDRINST usr/include/linux/netfilter_ipv4/ipt_ecn.h
  HDRINST usr/include/linux/netfilter_ipv4/ipt_ah.h
  HDRINST usr/include/linux/netfilter_ipv4/ipt_TTL.h
  HDRINST usr/include/linux/netfilter_ipv4/ipt_REJECT.h
  HDRINST usr/include/linux/netfilter_ipv4/ipt_ttl.h
  HDRINST usr/include/linux/netfilter_ipv4/ip_tables.h
  HDRINST usr/include/linux/netfilter_ipv4/ipt_CLUSTERIP.h
  HDRINST usr/include/linux/netfilter_ipv4/ipt_ECN.h
  HDRINST usr/include/linux/vbox_vmmdev_types.h
  HDRINST usr/include/linux/if_xdp.h
  HDRINST usr/include/linux/ims_bridge/ims_bridge.h
  HDRINST usr/include/linux/if_cablemodem.h
  HDRINST usr/include/linux/batadv_packet.h
  HDRINST usr/include/linux/atm_nicstar.h
  HDRINST usr/include/linux/ip_vs.h
  HDRINST usr/include/linux/usb/g_uvc.h
  HDRINST usr/include/linux/usb/ch9.h
  HDRINST usr/include/linux/usb/functionfs.h
  HDRINST usr/include/linux/usb/tmc.h
  HDRINST usr/include/linux/usb/gadgetfs.h
  HDRINST usr/include/linux/usb/raw_gadget.h
  HDRINST usr/include/linux/usb/midi.h
  HDRINST usr/include/linux/usb/cdc-wdm.h
  HDRINST usr/include/linux/usb/g_printer.h
  HDRINST usr/include/linux/usb/audio.h
  HDRINST usr/include/linux/usb/ch11.h
  HDRINST usr/include/linux/usb/cdc.h
  HDRINST usr/include/linux/usb/video.h
  HDRINST usr/include/linux/usb/charger.h
  HDRINST usr/include/linux/usb/f_accessory.h
  HDRINST usr/include/linux/input-event-codes.h
  HDRINST usr/include/linux/dlmconstants.h
  HDRINST usr/include/linux/tty_flags.h
  HDRINST usr/include/linux/fdreg.h
  HDRINST usr/include/linux/atmbr2684.h
  HDRINST usr/include/linux/uvcvideo.h
  HDRINST usr/include/linux/ila.h
  HDRINST usr/include/linux/gameport.h
  HDRINST usr/include/linux/time.h
  HDRINST usr/include/linux/atmdev.h
  HDRINST usr/include/linux/tls.h
  HDRINST usr/include/linux/joystick.h
  HDRINST usr/include/linux/rio_mport_cdev.h
  HDRINST usr/include/linux/acct.h
  HDRINST usr/include/linux/input.h
  HDRINST usr/include/linux/iso_fs.h
  HDRINST usr/include/linux/icmpv6.h
  HDRINST usr/include/linux/ppp-ioctl.h
  HDRINST usr/include/linux/sunrpc/debug.h
  HDRINST usr/include/linux/if_plip.h
  HDRINST usr/include/linux/rio_cm_cdev.h
  HDRINST usr/include/linux/if_ltalk.h
  HDRINST usr/include/linux/arcfb.h
  HDRINST usr/include/linux/if_team.h
  HDRINST usr/include/linux/eventpoll.h
  HDRINST usr/include/linux/virtio_crypto.h
  HDRINST usr/include/linux/kcov.h
  HDRINST usr/include/linux/ppp_defs.h
  HDRINST usr/include/linux/ivtvfb.h
  HDRINST usr/include/linux/audit.h
  HDRINST usr/include/linux/mpls.h
  HDRINST usr/include/linux/raid/md_p.h
  HDRINST usr/include/linux/raid/md_u.h
  HDRINST usr/include/linux/mii.h
  HDRINST usr/include/linux/cciss_ioctl.h
  HDRINST usr/include/linux/l2tp.h
  HDRINST usr/include/linux/apm_bios.h
  HDRINST usr/include/linux/virtio_rng.h
  HDRINST usr/include/linux/utsname.h
  HDRINST usr/include/linux/cycx_cfm.h
  HDRINST usr/include/linux/lwtunnel.h
  HDRINST usr/include/linux/devlink.h
  HDRINST usr/include/linux/atmioc.h
  HDRINST usr/include/linux/chio.h
  HDRINST usr/include/linux/ion.h
  HDRINST usr/include/linux/netfilter_arp/arp_tables.h
  HDRINST usr/include/linux/netfilter_arp/arpt_mangle.h
  HDRINST usr/include/linux/mqueue.h
  HDRINST usr/include/linux/fib_rules.h
  HDRINST usr/include/linux/qnxtypes.h
  HDRINST usr/include/linux/sysctl.h
  HDRINST usr/include/linux/netfilter_ipv6/ip6t_srh.h
  HDRINST usr/include/linux/netfilter_ipv6/ip6t_HL.h
  HDRINST usr/include/linux/netfilter_ipv6/ip6t_NPT.h
  HDRINST usr/include/linux/netfilter_ipv6/ip6t_ah.h
  HDRINST usr/include/linux/netfilter_ipv6/ip6t_LOG.h
  HDRINST usr/include/linux/netfilter_ipv6/ip6t_REJECT.h
  HDRINST usr/include/linux/netfilter_ipv6/ip6t_mh.h
  HDRINST usr/include/linux/netfilter_ipv6/ip6t_hl.h
  HDRINST usr/include/linux/netfilter_ipv6/ip6t_rt.h
  HDRINST usr/include/linux/netfilter_ipv6/ip6t_opts.h
  HDRINST usr/include/linux/netfilter_ipv6/ip6_tables.h
  HDRINST usr/include/linux/netfilter_ipv6/ip6t_frag.h
  HDRINST usr/include/linux/netfilter_ipv6/ip6t_ipv6header.h
  HDRINST usr/include/linux/qemu_fw_cfg.h
  HDRINST usr/include/linux/if_arcnet.h
  HDRINST usr/include/linux/reiserfs_fs.h
  HDRINST usr/include/linux/sprd_ion.h
  HDRINST usr/include/linux/dqblk_xfs.h
  HDRINST usr/include/linux/termios.h
  HDRINST usr/include/linux/kcm.h
  HDRINST usr/include/linux/adb.h
  HDRINST usr/include/linux/toshiba.h
  HDRINST usr/include/linux/un.h
  HDRINST usr/include/linux/unistd.h
  HDRINST usr/include/linux/byteorder/little_endian.h
  HDRINST usr/include/linux/kernelcapi.h
  HDRINST usr/include/linux/byteorder/big_endian.h
  HDRINST usr/include/linux/auxvec.h
  HDRINST usr/include/linux/max2175.h
  HDRINST usr/include/linux/scif_ioctl.h
  HDRINST usr/include/linux/mmc/ioctl.h
  HDRINST usr/include/linux/seg6_hmac.h
  HDRINST usr/include/linux/mempolicy.h
  HDRINST usr/include/linux/gsmmux.h
  HDRINST usr/include/linux/nvram.h
  HDRINST usr/include/linux/wimax/i2400m.h
  HDRINST usr/include/linux/cciss_defs.h
  HDRINST usr/include/linux/blkpg.h
  HDRINST usr/include/linux/netfilter_decnet.h
  HDRINST usr/include/linux/sem.h
  HDRINST usr/include/linux/if_addrlabel.h
  HDRINST usr/include/linux/timex.h
  HDRINST usr/include/linux/netfilter/nfnetlink_conntrack.h
  HDRINST usr/include/linux/netfilter/xt_policy.h
  HDRINST usr/include/linux/netfilter/xt_connmark.h
  HDRINST usr/include/linux/netfilter/xt_hashlimit.h
  HDRINST usr/include/linux/netfilter/xt_mark.h
  HDRINST usr/include/linux/netfilter/xt_devgroup.h
  HDRINST usr/include/linux/netfilter/xt_socket.h
  HDRINST usr/include/linux/netfilter/xt_pkttype.h
  HDRINST usr/include/linux/netfilter/xt_connbytes.h
  HDRINST usr/include/linux/netfilter/nfnetlink_compat.h
  HDRINST usr/include/linux/netfilter/xt_time.h
  HDRINST usr/include/linux/netfilter/xt_TEE.h
  HDRINST usr/include/linux/netfilter/xt_sctp.h
  HDRINST usr/include/linux/netfilter/xt_addrtype.h
  HDRINST usr/include/linux/netfilter/xt_tcpmss.h
  HDRINST usr/include/linux/netfilter/xt_SECMARK.h
  HDRINST usr/include/linux/netfilter/nf_conntrack_common.h
  HDRINST usr/include/linux/netfilter/nf_synproxy.h
  HDRINST usr/include/linux/netfilter/xt_ecn.h
  HDRINST usr/include/linux/netfilter/nfnetlink_acct.h
  HDRINST usr/include/linux/netfilter/nf_conntrack_sctp.h
  HDRINST usr/include/linux/netfilter/xt_statistic.h
  HDRINST usr/include/linux/netfilter/x_tables.h
  HDRINST usr/include/linux/netfilter/xt_LOG.h
  HDRINST usr/include/linux/netfilter/xt_quota.h
  HDRINST usr/include/linux/netfilter/xt_realm.h
  HDRINST usr/include/linux/netfilter/xt_MARK.h
  HDRINST usr/include/linux/netfilter/xt_ipvs.h
  HDRINST usr/include/linux/netfilter/nfnetlink_cthelper.h
  HDRINST usr/include/linux/netfilter/xt_state.h
  HDRINST usr/include/linux/netfilter/xt_conntrack.h
  HDRINST usr/include/linux/netfilter/xt_comment.h
  HDRINST usr/include/linux/netfilter/xt_iprange.h
  HDRINST usr/include/linux/netfilter/xt_multiport.h
  HDRINST usr/include/linux/netfilter/xt_set.h
  HDRINST usr/include/linux/netfilter/xt_mac.h
  HDRINST usr/include/linux/netfilter/xt_IDLETIMER.h
  HDRINST usr/include/linux/netfilter/xt_TPROXY.h
  HDRINST usr/include/linux/netfilter/nf_conntrack_tcp.h
  HDRINST usr/include/linux/netfilter/xt_esp.h
  HDRINST usr/include/linux/netfilter/xt_rpfilter.h
  HDRINST usr/include/linux/netfilter/xt_CONNSECMARK.h
  HDRINST usr/include/linux/netfilter/xt_DSCP.h
  HDRINST usr/include/linux/netfilter/xt_rateest.h
  HDRINST usr/include/linux/netfilter/xt_HMARK.h
  HDRINST usr/include/linux/netfilter/xt_dscp.h
  HDRINST usr/include/linux/netfilter/xt_AUDIT.h
  HDRINST usr/include/linux/netfilter/xt_physdev.h
  HDRINST usr/include/linux/netfilter/xt_cluster.h
  HDRINST usr/include/linux/netfilter/xt_CLASSIFY.h
  HDRINST usr/include/linux/netfilter/xt_NFLOG.h
  HDRINST usr/include/linux/netfilter/xt_owner.h
  HDRINST usr/include/linux/netfilter/nf_nat.h
  HDRINST usr/include/linux/netfilter/xt_SYNPROXY.h
  HDRINST usr/include/linux/netfilter/xt_CONNMARK.h
  HDRINST usr/include/linux/netfilter/nfnetlink_log.h
  HDRINST usr/include/linux/netfilter/nfnetlink_queue.h
  HDRINST usr/include/linux/netfilter/xt_cpu.h
  HDRINST usr/include/linux/netfilter/xt_connlabel.h
  HDRINST usr/include/linux/netfilter/xt_l2tp.h
  HDRINST usr/include/linux/netfilter/xt_bpf.h
  HDRINST usr/include/linux/netfilter/xt_TCPOPTSTRIP.h
  HDRINST usr/include/linux/netfilter/nf_conntrack_ftp.h
  HDRINST usr/include/linux/netfilter/nf_tables_compat.h
  HDRINST usr/include/linux/netfilter/nfnetlink_osf.h
  HDRINST usr/include/linux/netfilter/xt_length.h
  HDRINST usr/include/linux/netfilter/xt_CHECKSUM.h
  HDRINST usr/include/linux/netfilter/xt_RATEEST.h
  HDRINST usr/include/linux/netfilter/xt_nfacct.h
  HDRINST usr/include/linux/netfilter/xt_u32.h
  HDRINST usr/include/linux/netfilter/nf_log.h
  HDRINST usr/include/linux/netfilter/xt_dccp.h
  HDRINST usr/include/linux/netfilter/xt_helper.h
  HDRINST usr/include/linux/netfilter/ipset/ip_set.h
  HDRINST usr/include/linux/netfilter/ipset/ip_set_bitmap.h
  HDRINST usr/include/linux/netfilter/ipset/ip_set_hash.h
  HDRINST usr/include/linux/netfilter/ipset/ip_set_list.h
  HDRINST usr/include/linux/netfilter/xt_recent.h
  HDRINST usr/include/linux/netfilter/xt_osf.h
  HDRINST usr/include/linux/netfilter/nf_tables.h
  HDRINST usr/include/linux/netfilter/xt_CT.h
  HDRINST usr/include/linux/netfilter/xt_cgroup.h
  HDRINST usr/include/linux/netfilter/xt_NFQUEUE.h
  HDRINST usr/include/linux/netfilter/xt_limit.h
  HDRINST usr/include/linux/netfilter/nfnetlink_cttimeout.h
  HDRINST usr/include/linux/netfilter/xt_TCPMSS.h
  HDRINST usr/include/linux/netfilter/xt_LED.h
  HDRINST usr/include/linux/netfilter/xt_tcpudp.h
  HDRINST usr/include/linux/netfilter/xt_connlimit.h
  HDRINST usr/include/linux/netfilter/nf_conntrack_tuple_common.h
  HDRINST usr/include/linux/netfilter/xt_ipcomp.h
  HDRINST usr/include/linux/netfilter/xt_string.h
  HDRINST usr/include/linux/route.h
  HDRINST usr/include/linux/netfilter/nfnetlink.h
  HDRINST usr/include/linux/omap3isp.h
  HDRINST usr/include/linux/taskstats.h
  HDRINST usr/include/linux/rfkill.h
  HDRINST usr/include/linux/nfs_mount.h
  HDRINST usr/include/linux/mic_ioctl.h
  HDRINST usr/include/linux/sonet.h
  HDRINST usr/include/linux/fadvise.h
  HDRINST usr/include/linux/rpmsg.h
  HDRINST usr/include/linux/wireless.h
  HDRINST usr/include/linux/if_infiniband.h
  HDRINST usr/include/linux/media.h
  HDRINST usr/include/linux/ivtv.h
  HDRINST usr/include/linux/kfd_ioctl.h
  HDRINST usr/include/linux/netlink_diag.h
  HDRINST usr/include/linux/tty.h
  HDRINST usr/include/linux/watch_queue.h
  HDRINST usr/include/linux/qrtr.h
  HDRINST usr/include/linux/uleds.h
  HDRINST usr/include/linux/module.h
  HDRINST usr/include/linux/wireguard.h
  HDRINST usr/include/linux/nbd-netlink.h
  HDRINST usr/include/linux/netfilter_bridge/ebt_vlan.h
  HDRINST usr/include/linux/netfilter_bridge/ebt_ip6.h
  HDRINST usr/include/linux/netfilter_bridge/ebt_limit.h
  HDRINST usr/include/linux/netfilter_bridge/ebt_arp.h
  HDRINST usr/include/linux/netfilter_bridge/ebt_pkttype.h
  HDRINST usr/include/linux/netfilter_bridge/ebtables.h
  HDRINST usr/include/linux/netfilter_bridge/ebt_arpreply.h
  HDRINST usr/include/linux/netfilter_bridge/ebt_nflog.h
  HDRINST usr/include/linux/netfilter_bridge/ebt_redirect.h
  HDRINST usr/include/linux/netfilter_bridge/ebt_ip.h
  HDRINST usr/include/linux/netfilter_bridge/ebt_802_3.h
  HDRINST usr/include/linux/netfilter_bridge/ebt_mark_m.h
  HDRINST usr/include/linux/netfilter_bridge/ebt_mark_t.h
  HDRINST usr/include/linux/netfilter_bridge/ebt_nat.h
  HDRINST usr/include/linux/netfilter_bridge/ebt_stp.h
  HDRINST usr/include/linux/netfilter_bridge/ebt_among.h
  HDRINST usr/include/linux/netfilter_bridge/ebt_log.h
  HDRINST usr/include/linux/auto_fs4.h
  HDRINST usr/include/linux/atmsvc.h
  HDRINST usr/include/linux/nfs4_mount.h
  HDRINST usr/include/linux/dma-buf.h
  HDRINST usr/include/linux/net_tstamp.h
  HDRINST usr/include/linux/zorro_ids.h
  HDRINST usr/include/linux/if_hippi.h
  HDRINST usr/include/linux/bt-bmc.h
  HDRINST usr/include/linux/hsr_netlink.h
  HDRINST usr/include/linux/isst_if.h
  HDRINST usr/include/linux/v4l2-subdev.h
  HDRINST usr/include/linux/vm_sockets.h
  HDRINST usr/include/linux/nfs_idmap.h
  HDRINST usr/include/linux/pr.h
  HDRINST usr/include/linux/netfilter_arp.h
  HDRINST usr/include/linux/in6.h
  HDRINST usr/include/linux/ipx.h
  HDRINST usr/include/linux/const.h
  HDRINST usr/include/linux/vbox_err.h
  HDRINST usr/include/linux/v4l2-common.h
  HDRINST usr/include/linux/nilfs2_ondisk.h
  HDRINST usr/include/linux/elf-fdpic.h
  HDRINST usr/include/linux/packet_diag.h
  HDRINST usr/include/linux/if_link.h
  HDRINST usr/include/linux/virtio_pci.h
  HDRINST usr/include/linux/binfmts.h
  HDRINST usr/include/linux/kvm.h
  HDRINST usr/include/linux/usbdevice_fs.h
  HDRINST usr/include/linux/ppdev.h
  HDRINST usr/include/linux/virtio_config.h
  HDRINST usr/include/linux/gpio.h
  HDRINST usr/include/linux/sysinfo.h
  HDRINST usr/include/linux/elfcore.h
  HDRINST usr/include/linux/patchkey.h
  HDRINST usr/include/linux/if_addr.h
  HDRINST usr/include/linux/dccp.h
  HDRINST usr/include/linux/stm.h
  HDRINST usr/include/linux/nubus.h
  HDRINST usr/include/linux/fou.h
  HDRINST usr/include/linux/uhid.h
  HDRINST usr/include/linux/virtio_input.h
  HDRINST usr/include/linux/media-bus-format.h
  HDRINST usr/include/linux/scc.h
  HDRINST usr/include/linux/stddef.h
  HDRINST usr/include/linux/cramfs_fs.h
  HDRINST usr/include/linux/i2c-dev.h
  HDRINST usr/include/linux/if_x25.h
  HDRINST usr/include/linux/mroute6.h
  HDRINST usr/include/linux/virtio_console.h
  HDRINST usr/include/linux/sdla.h
  HDRINST usr/include/linux/if_slip.h
  HDRINST usr/include/linux/sed-opal.h
  HDRINST usr/include/linux/ipsec.h
  HDRINST usr/include/linux/if_macsec.h
  HDRINST usr/include/linux/oom.h
  HDRINST usr/include/linux/b1lli.h
  HDRINST usr/include/linux/filter.h
  HDRINST usr/include/linux/fsl_hypervisor.h
  HDRINST usr/include/linux/perf_event.h
  HDRINST usr/include/linux/sched.h
  HDRINST usr/include/linux/rds.h
  HDRINST usr/include/linux/netfilter_bridge.h
  HDRINST usr/include/linux/utime.h
  HDRINST usr/include/linux/nvme_ioctl.h
  HDRINST usr/include/linux/matroxfb.h
  HDRINST usr/include/linux/mmtimer.h
  HDRINST usr/include/linux/can/gw.h
  HDRINST usr/include/linux/can/raw.h
  HDRINST usr/include/linux/can/netlink.h
  HDRINST usr/include/linux/can/j1939.h
  HDRINST usr/include/linux/can/vxcan.h
  HDRINST usr/include/linux/can/error.h
  HDRINST usr/include/linux/can/bcm.h
  HDRINST usr/include/linux/fd.h
  HDRINST usr/include/linux/inotify.h
  HDRINST usr/include/linux/nl80211.h
  HDRINST usr/include/linux/omapfb.h
  HDRINST usr/include/linux/udf_fs_i.h
  HDRINST usr/include/linux/btf.h
  HDRINST usr/include/linux/netdevice.h
  HDRINST usr/include/misc/habanalabs.h
  HDRINST usr/include/misc/cxl.h
  HDRINST usr/include/misc/xilinx_sdfec.h
  HDRINST usr/include/misc/ocxl.h
  HDRINST usr/include/misc/fastrpc.h
  HDRINST usr/include/mtd/mtd-abi.h
  HDRINST usr/include/mtd/nftl-user.h
  HDRINST usr/include/rdma/rdma_user_ioctl_cmds.h
  HDRINST usr/include/mtd/inftl-user.h
  HDRINST usr/include/mtd/mtd-user.h
  HDRINST usr/include/mtd/ubi-user.h
  HDRINST usr/include/rdma/mlx5_user_ioctl_verbs.h
  HDRINST usr/include/rdma/ocrdma-abi.h
  HDRINST usr/include/rdma/mlx5_user_ioctl_cmds.h
  HDRINST usr/include/rdma/ib_user_ioctl_verbs.h
  HDRINST usr/include/rdma/qedr-abi.h
  HDRINST usr/include/rdma/mlx4-abi.h
  HDRINST usr/include/rdma/rvt-abi.h
  HDRINST usr/include/rdma/rdma_user_rxe.h
  HDRINST usr/include/rdma/efa-abi.h
  HDRINST usr/include/rdma/i40iw-abi.h
  HDRINST usr/include/rdma/cxgb3-abi.h
  HDRINST usr/include/rdma/ib_user_mad.h
  HDRINST usr/include/rdma/vmw_pvrdma-abi.h
  HDRINST usr/include/rdma/cxgb4-abi.h
  HDRINST usr/include/rdma/ib_user_ioctl_cmds.h
  HDRINST usr/include/rdma/hns-abi.h
  HDRINST usr/include/rdma/rdma_user_cm.h
  HDRINST usr/include/rdma/siw-abi.h
  HDRINST usr/include/rdma/rdma_user_ioctl.h
  HDRINST usr/include/rdma/ib_user_sa.h
  HDRINST usr/include/rdma/mlx5-abi.h
  HDRINST usr/include/rdma/hfi/hfi1_ioctl.h
  HDRINST usr/include/rdma/hfi/hfi1_user.h
  HDRINST usr/include/rdma/ib_user_verbs.h
  HDRINST usr/include/rdma/rdma_netlink.h
  HDRINST usr/include/rdma/bnxt_re-abi.h
  HDRINST usr/include/rdma/mthca-abi.h
  HDRINST usr/include/scsi/cxlflash_ioctl.h
  HDRINST usr/include/scsi/scsi_netlink.h
  HDRINST usr/include/scsi/scsi_bsg_fc.h
  HDRINST usr/include/scsi/scsi_bsg_ufs.h
  HDRINST usr/include/scsi/scsi_netlink_fc.h
  HDRINST usr/include/scsi/fc/fc_gs.h
  HDRINST usr/include/scsi/fc/fc_fs.h
  HDRINST usr/include/scsi/fc/fc_els.h
  HDRINST usr/include/scsi/fc/fc_ns.h
  HDRINST usr/include/sound/tlv.h
  HDRINST usr/include/sound/firewire.h
  HDRINST usr/include/sound/hdspm.h
  HDRINST usr/include/sound/compress_params.h
  HDRINST usr/include/sound/asound.h
  HDRINST usr/include/sound/usb_stream.h
  HDRINST usr/include/sound/sfnt_info.h
  HDRINST usr/include/sound/asoc.h
  HDRINST usr/include/sound/sof/tokens.h
  HDRINST usr/include/sound/sof/header.h
  HDRINST usr/include/sound/sof/abi.h
  HDRINST usr/include/sound/sof/fw.h
  HDRINST usr/include/sound/snd_sst_tokens.h
  HDRINST usr/include/sound/hdsp.h
  HDRINST usr/include/sound/skl-tplg-interface.h
  HDRINST usr/include/sound/sprd_audiodsp_ioctl.h
  HDRINST usr/include/sound/asound_fm.h
  HDRINST usr/include/sound/compress_offload.h
  HDRINST usr/include/sound/emu10k1.h
  HDRINST usr/include/sound/sb16_csp.h
  HDRINST usr/include/sound/asequencer.h
  HDRINST usr/include/video/uvesafb.h
  HDRINST usr/include/video/sprd_sensor_k.h
  HDRINST usr/include/video/sisfb.h
  HDRINST usr/include/video/edid.h
  HDRINST usr/include/video/sprd_jpg.h
  HDRINST usr/include/video/hardware_info.h
  HDRINST usr/include/video/sprd_vsp.h
  HDRINST usr/include/xen/gntalloc.h
  HDRINST usr/include/xen/gntdev.h
  HDRINST usr/include/xen/evtchn.h
  HDRINST usr/include/xen/privcmd.h
  HDRINST usr/include/linux/version.h
  HDRINST usr/include/asm/fcntl.h
  HDRINST usr/include/asm/sigcontext.h
  HDRINST usr/include/asm/signal.h
  HDRINST usr/include/asm/bpf_perf_event.h
  HDRINST usr/include/asm/param.h
  HDRINST usr/include/asm/ptrace.h
  HDRINST usr/include/asm/byteorder.h
  HDRINST usr/include/asm/ucontext.h
  HDRINST usr/include/asm/posix_types.h
  HDRINST usr/include/asm/setup.h
  HDRINST usr/include/asm/sve_context.h
  HDRINST usr/include/asm/statfs.h
  HDRINST usr/include/asm/auxvec.h
  HDRINST usr/include/asm/unistd.h
  HDRINST usr/include/asm/perf_regs.h
  HDRINST usr/include/asm/bitsperlong.h
  HDRINST usr/include/asm/hwcap.h
  HDRINST usr/include/asm/kvm.h
  HDRINST usr/include/asm/resource.h
  HDRINST usr/include/asm/swab.h
  HDRINST usr/include/asm/ioctls.h
  HDRINST usr/include/asm/siginfo.h
  HDRINST usr/include/asm/socket.h
  HDRINST usr/include/asm/msgbuf.h
  HDRINST usr/include/asm/stat.h
  HDRINST usr/include/asm/errno.h
  HDRINST usr/include/asm/types.h
  HDRINST usr/include/asm/sockios.h
  HDRINST usr/include/asm/mman.h
  HDRINST usr/include/asm/kvm_para.h
  HDRINST usr/include/asm/ioctl.h
  HDRINST usr/include/asm/ipcbuf.h
  HDRINST usr/include/asm/poll.h
  HDRINST usr/include/asm/termios.h
  HDRINST usr/include/asm/termbits.h
  HDRINST usr/include/asm/shmbuf.h
  HDRINST usr/include/asm/sembuf.h
  GEN     usr/initramfs_data.cpio
  CC      init/main.o
  CC      arch/arm64/crypto/sha2-ce-glue.o
  CC      arch/arm64/crypto/aes-ce-glue.o
  CC      kernel/fork.o
  CHK     include/generated/compile.h
  UPD     include/generated/compile.h
  CC      init/do_mounts.o
  HDRTEST usr/include/rdma/rdma_user_ioctl_cmds.h
  CC      arch/arm64/crypto/aes-glue-ce.o
  HDRTEST usr/include/rdma/mlx5_user_ioctl_verbs.h
  HDRTEST usr/include/rdma/ocrdma-abi.h
  HDRTEST usr/include/rdma/mlx5_user_ioctl_cmds.h
  HDRTEST usr/include/rdma/ib_user_ioctl_verbs.h
  HDRTEST usr/include/rdma/qedr-abi.h
  HDRTEST usr/include/rdma/rvt-abi.h
  HDRTEST usr/include/rdma/mlx4-abi.h
  HDRTEST usr/include/rdma/rdma_user_rxe.h
  HDRTEST usr/include/rdma/efa-abi.h
  HDRTEST usr/include/rdma/i40iw-abi.h
  HDRTEST usr/include/rdma/vmw_pvrdma-abi.h
  HDRTEST usr/include/rdma/cxgb3-abi.h
  HDRTEST usr/include/rdma/ib_user_mad.h
  HDRTEST usr/include/rdma/cxgb4-abi.h
  HDRTEST usr/include/rdma/ib_user_ioctl_cmds.h
  CC      arch/arm64/crypto/sha256-glue.o
  HDRTEST usr/include/rdma/hns-abi.h
  HDRTEST usr/include/rdma/siw-abi.h
  HDRTEST usr/include/rdma/rdma_user_cm.h
  HDRTEST usr/include/rdma/rdma_user_ioctl.h
  HDRTEST usr/include/rdma/ib_user_sa.h
  HDRTEST usr/include/rdma/mlx5-abi.h
  HDRTEST usr/include/rdma/hfi/hfi1_ioctl.h
  HDRTEST usr/include/rdma/hfi/hfi1_user.h
  HDRTEST usr/include/rdma/ib_user_verbs.h
  HDRTEST usr/include/rdma/rdma_netlink.h
  HDRTEST usr/include/rdma/bnxt_re-abi.h
  HDRTEST usr/include/rdma/mthca-abi.h
  HDRTEST usr/include/scsi/cxlflash_ioctl.h
  HDRTEST usr/include/scsi/scsi_netlink.h
  HDRTEST usr/include/scsi/scsi_bsg_fc.h
  HDRTEST usr/include/scsi/scsi_bsg_ufs.h
  HDRTEST usr/include/scsi/scsi_netlink_fc.h
  HDRTEST usr/include/scsi/fc/fc_fs.h
  CC      init/do_mounts_rd.o
  HDRTEST usr/include/scsi/fc/fc_gs.h
  HDRTEST usr/include/scsi/fc/fc_els.h
  CC      kernel/exec_domain.o
  HDRTEST usr/include/scsi/fc/fc_ns.h
  CC      arch/arm64/crypto/chacha-neon-glue.o
  HDRTEST usr/include/xen/gntalloc.h
  HDRTEST usr/include/xen/gntdev.h
  HDRTEST usr/include/xen/evtchn.h
  HDRTEST usr/include/xen/privcmd.h
  HDRTEST usr/include/sound/tlv.h
  HDRTEST usr/include/sound/firewire.h
  HDRTEST usr/include/sound/hdspm.h
  HDRTEST usr/include/sound/compress_params.h
  HDRTEST usr/include/sound/sfnt_info.h
  HDRTEST usr/include/sound/asound.h
  CC      init/do_mounts_initrd.o
  CC      kernel/panic.o
  HDRTEST usr/include/sound/usb_stream.h
  HDRTEST usr/include/sound/asoc.h
  HDRTEST usr/include/sound/sof/tokens.h
  HDRTEST usr/include/sound/sof/header.h
  HDRTEST usr/include/sound/sof/abi.h
  HDRTEST usr/include/sound/sof/fw.h
  HDRTEST usr/include/sound/snd_sst_tokens.h
  HDRTEST usr/include/sound/hdsp.h
  HDRTEST usr/include/sound/skl-tplg-interface.h
  HDRTEST usr/include/sound/sprd_audiodsp_ioctl.h
  HDRTEST usr/include/sound/asound_fm.h
  CC      arch/arm64/crypto/poly1305-glue.o
  HDRTEST usr/include/sound/compress_offload.h
  HDRTEST usr/include/sound/emu10k1.h
  HDRTEST usr/include/sound/sb16_csp.h
  HDRTEST usr/include/sound/asequencer.h
  HDRTEST usr/include/linux/atalk.h
  CC      init/initramfs.o
  HDRTEST usr/include/linux/cec.h
  HDRTEST usr/include/linux/uinput.h
  HDRTEST usr/include/linux/nfsacl.h
  HDRTEST usr/include/linux/capi.h
  HDRTEST usr/include/linux/target_core_user.h
  HDRTEST usr/include/linux/pkt_sched.h
  HDRTEST usr/include/linux/resource.h
  HDRTEST usr/include/linux/fcntl.h
  HDRTEST usr/include/linux/xilinx-v4l2-controls.h
  HDRTEST usr/include/linux/hid.h
  HDRTEST usr/include/linux/cuda.h
  HDRTEST usr/include/linux/prctl.h
  HDRTEST usr/include/linux/am437x-vpfe.h
  CC      kernel/cpu.o
  HDRTEST usr/include/linux/bfs_fs.h
  HDRTEST usr/include/linux/fuse.h
usr/include/linux/fuse.h:874: found __[us]{8,16,32,64} type without #include <linux/types.h>
  HDRTEST usr/include/linux/ipv6_route.h
  CC      arch/arm64/crypto/aes-cipher-glue.o
  HDRTEST usr/include/linux/cdrom.h
  HDRTEST usr/include/linux/iommu.h
  HDRTEST usr/include/linux/bpf_common.h
  HDRTEST usr/include/linux/nfc.h
  CC      init/calibrate.o
  HDRTEST usr/include/linux/agpgart.h
  HDRTEST usr/include/linux/msdos_fs.h
  HDRTEST usr/include/linux/if_ppp.h
  HDRTEST usr/include/linux/ip.h
  CC      init/init_task.o
  HDRTEST usr/include/linux/errqueue.h
  HDRTEST usr/include/linux/dlm_netlink.h
  CC [M]  arch/arm64/crypto/sha1-ce-glue.o
  HDRTEST usr/include/linux/swab.h
  HDRTEST usr/include/linux/hdlc/ioctl.h
  HDRTEST usr/include/linux/virtio_gpu.h
  HDRTEST usr/include/linux/ethtool.h
  HDRTEST usr/include/linux/cifs/cifs_mount.h
  HDRTEST usr/include/linux/firewire-constants.h
  HDRTEST usr/include/linux/keyctl.h
  HDRTEST usr/include/linux/btrfs_tree.h
  HDRTEST usr/include/linux/hdreg.h
  HDRTEST usr/include/linux/atm_tcp.h
  HDRTEST usr/include/linux/net_dropmon.h
  HDRTEST usr/include/linux/i8k.h
  HDRTEST usr/include/linux/mroute.h
  HDRTEST usr/include/linux/socket.h
  HDRTEST usr/include/linux/cn_proc.h
  HDRTEST usr/include/linux/x25.h
  HDRTEST usr/include/linux/securebits.h
  HDRTEST usr/include/linux/ife.h
  HDRTEST usr/include/linux/virtio_blk.h
  HDRTEST usr/include/linux/netfilter_ipv6.h
  CC [M]  arch/arm64/crypto/ghash-ce-glue.o
  HDRTEST usr/include/linux/virtio_scsi.h
  HDRTEST usr/include/linux/qnx4_fs.h
  HDRTEST usr/include/linux/rtc.h
  CC      init/version.o
  HDRTEST usr/include/linux/wimax.h
  HDRTEST usr/include/linux/limits.h
  HDRTEST usr/include/linux/usbip.h
  HDRTEST usr/include/linux/v4l2-dv-timings.h
  HDRTEST usr/include/linux/pci.h
  HDRTEST usr/include/linux/unix_diag.h
  HDRTEST usr/include/linux/n_r3964.h
  HDRTEST usr/include/linux/jffs2.h
  HDRTEST usr/include/linux/psp-sev.h
  HDRTEST usr/include/linux/rxrpc.h
  CC      kernel/exit.o
  HDRTEST usr/include/linux/llc.h
  HDRTEST usr/include/linux/virtio_ids.h
  AR      init/built-in.a
  HDRTEST usr/include/linux/atm_he.h
  CC [M]  arch/arm64/crypto/aes-ce-ccm-glue.o
  HDRTEST usr/include/linux/pcitest.h
  HDRTEST usr/include/linux/posix_acl_xattr.h
  HDRTEST usr/include/linux/serio.h
  HDRTEST usr/include/linux/gen_stats.h
  HDRTEST usr/include/linux/virtio_9p.h
  HDRTEST usr/include/linux/sound.h
  HDRTEST usr/include/linux/lp.h
  HDRTEST usr/include/linux/dm-user.h
  HDRTEST usr/include/linux/coda.h
  HDRTEST usr/include/linux/atm_idt77105.h
  HDRTEST usr/include/linux/dm-ioctl.h
  HDRTEST usr/include/linux/dcbnl.h
  HDRTEST usr/include/linux/serial_core.h
  HDRTEST usr/include/linux/romfs_fs.h
  HDRTEST usr/include/linux/kcmp.h
  HDRTEST usr/include/linux/autotest.h
  HDRTEST usr/include/linux/blktrace_api.h
  HDRTEST usr/include/linux/signalfd.h
  HDRTEST usr/include/linux/virtio_vsock.h
  HDRTEST usr/include/linux/nfs_fs.h
  HDRTEST usr/include/linux/hysdn_if.h
  CC [M]  arch/arm64/crypto/aes-glue-neon.o
  HDRTEST usr/include/linux/vmcore.h
  HDRTEST usr/include/linux/atmmpc.h
  HDRTEST usr/include/linux/genetlink.h
  CC      certs/system_keyring.o
  HDRTEST usr/include/linux/ipmi_bmc.h
  HDRTEST usr/include/linux/android/binder.h
  HDRTEST usr/include/linux/android/binderfs.h
  HDRTEST usr/include/linux/mei.h
  HDRTEST usr/include/linux/erspan.h
  HDRTEST usr/include/linux/tipc_netlink.h
  HDRTEST usr/include/linux/if_ether.h
  HDRTEST usr/include/linux/dlm_device.h
  HDRTEST usr/include/linux/map_to_7segment.h
  HDRTEST usr/include/linux/time_types.h
  HDRTEST usr/include/linux/cryptouser.h
  HDRTEST usr/include/linux/in.h
  CC      certs/common.o
  HDRTEST usr/include/linux/seg6_local.h
  HDRTEST usr/include/linux/stat.h
  HDRTEST usr/include/linux/if_bridge.h
  HDRTEST usr/include/linux/connector.h
  AR      certs/built-in.a
  HDRTEST usr/include/linux/dm-log-userspace.h
  HDRTEST usr/include/linux/spi/spidev.h
  HDRTEST usr/include/linux/if_packet.h
  HDRTEST usr/include/linux/caif/caif_socket.h
  HDRTEST usr/include/linux/caif/if_caif.h
  HDRTEST usr/include/linux/fscrypt.h
  HDRTEST usr/include/linux/fanotify.h
  AR      arch/arm64/crypto/built-in.a
  CC      kernel/softirq.o
  HDRTEST usr/include/linux/hidraw.h
  AR [M]  arch/arm64/crypto/sha1-ce.o
  HDRTEST usr/include/linux/xdp_diag.h
  HDRTEST usr/include/linux/net.h
  HDRTEST usr/include/linux/mdio.h
  HDRTEST usr/include/linux/elf.h
  HDRTEST usr/include/linux/signal.h
  HDRTEST usr/include/linux/btrfs.h
  AR [M]  arch/arm64/crypto/ghash-ce.o
  AR [M]  arch/arm64/crypto/aes-ce-ccm.o
  HDRTEST usr/include/linux/vm_sockets_diag.h
  HDRTEST usr/include/linux/falloc.h
  HDRTEST usr/include/linux/loop.h
  AR [M]  arch/arm64/crypto/aes-neon-blk.o
  HDRTEST usr/include/linux/edd.h
  HDRTEST usr/include/linux/virtio_net.h
  HDRTEST usr/include/linux/dvb/net.h
  HDRTEST usr/include/linux/dvb/version.h
  HDRTEST usr/include/linux/dvb/frontend.h
  HDRTEST usr/include/linux/dvb/osd.h
  HDRTEST usr/include/linux/dvb/audio.h
  HDRTEST usr/include/linux/dvb/ca.h
  HDRTEST usr/include/linux/dvb/dmx.h
  HDRTEST usr/include/linux/dvb/video.h
  HDRTEST usr/include/linux/vhost.h
  HDRTEST usr/include/linux/sync_file.h
  HDRTEST usr/include/linux/hpet.h
  HDRTEST usr/include/linux/netconf.h
  HDRTEST usr/include/linux/if_pppol2tp.h
  HDRTEST usr/include/linux/version.h
  HDRTEST usr/include/linux/atm_zatm.h
  HDRTEST usr/include/linux/aspeed-p2a-ctrl.h
  CC      kernel/resource.o
  HDRTEST usr/include/linux/raw.h
  HDRTEST usr/include/linux/neighbour.h
  HDRTEST usr/include/linux/errno.h
  HDRTEST usr/include/linux/bpf_perf_event.h
  HDRTEST usr/include/linux/param.h
  HDRTEST usr/include/linux/types.h
  HDRTEST usr/include/linux/atmapi.h
  HDRTEST usr/include/linux/ultrasound.h
  HDRTEST usr/include/linux/wait.h
  HDRTEST usr/include/linux/smc.h
  HDRTEST usr/include/linux/auto_fs.h
  HDRTEST usr/include/linux/cec-funcs.h
  HDRTEST usr/include/linux/netlink.h
  HDRTEST usr/include/linux/rose.h
  HDRTEST usr/include/linux/ndctl.h
  HDRTEST usr/include/linux/keyboard.h
  HDRTEST usr/include/linux/cm4000_cs.h
  HDRTEST usr/include/linux/nfs2.h
  HDRTEST usr/include/linux/timerfd.h
  HDRTEST usr/include/linux/sockios.h
  HDRTEST usr/include/linux/tipc_sockets_diag.h
  HDRTEST usr/include/linux/futex.h
  HDRTEST usr/include/linux/fiemap.h
  HDRTEST usr/include/linux/soundcard.h
  CC      arch/arm64/kernel/debug-monitors.o
  HDRTEST usr/include/linux/i2o-dev.h
  HDRTEST usr/include/linux/coresight-stm.h
  HDRTEST usr/include/linux/dns_resolver.h
  HDRTEST usr/include/linux/magic.h
  CC      kernel/sysctl.o
  CC      mm/filemap.o
  HDRTEST usr/include/linux/veth.h
  HDRTEST usr/include/linux/cyclades.h
  HDRTEST usr/include/linux/if_frad.h
  HDRTEST usr/include/linux/sctp.h
  HDRTEST usr/include/linux/virtio_fs.h
  HDRTEST usr/include/linux/pmu.h
  HDRTEST usr/include/linux/ipv6.h
  HDRTEST usr/include/linux/virtio_iommu.h
  HDRTEST usr/include/linux/bcache.h
In file included from <built-in>:1:
./usr/include/linux/bcache.h:286:2: warning: field '' with variable sized type 'union jset::(anonymous at ./usr/include/linux/bcache.h:286:2)' not at the end of a struct or class is a GNU extension [-Wgnu-variable-sized-type-not-at-end]
        BKEY_PADDED(uuid_bucket);
        ^
./usr/include/linux/bcache.h:134:2: note: expanded from macro 'BKEY_PADDED'
        union { struct bkey key; __u64 key ## _pad[BKEY_PAD]; }
        ^
./usr/include/linux/bcache.h:287:2: warning: field '' with variable sized type 'union jset::(anonymous at ./usr/include/linux/bcache.h:287:2)' not at the end of a struct or class is a GNU extension [-Wgnu-variable-sized-type-not-at-end]
        BKEY_PADDED(btree_root);
        ^
./usr/include/linux/bcache.h:134:2: note: expanded from macro 'BKEY_PADDED'
        union { struct bkey key; __u64 key ## _pad[BKEY_PAD]; }
        ^
2 warnings generated.
  CC      arch/arm64/kernel/irq.o
  HDRTEST usr/include/linux/vsockmon.h
  HDRTEST usr/include/linux/f2fs.h
  HDRTEST usr/include/linux/gigaset_dev.h
  HDRTEST usr/include/linux/atm_eni.h
  HDRTEST usr/include/linux/seg6.h
  HDRTEST usr/include/linux/kdev_t.h
  HDRTEST usr/include/linux/bpf.h
  HDRTEST usr/include/linux/atmlec.h
  HDRTEST usr/include/linux/pktcdvd.h
  HDRTEST usr/include/linux/virtio_pmem.h
  HDRTEST usr/include/linux/parport.h
  HDRTEST usr/include/linux/rtnetlink.h
  HDRTEST usr/include/linux/igmp.h
  HDRTEST usr/include/linux/xfrm.h
  HDRTEST usr/include/linux/openvswitch.h
  HDRTEST usr/include/linux/i2c.h
  HDRTEST usr/include/linux/ptrace.h
  HDRTEST usr/include/linux/hyperv.h
  CC      arch/arm64/kernel/fpsimd.o
  HDRTEST usr/include/linux/batman_adv.h
  HDRTEST usr/include/linux/uio.h
  HDRTEST usr/include/linux/nfs.h
  HDRTEST usr/include/linux/quota.h
  HDRTEST usr/include/linux/hsi/hsi_char.h
  HDRTEST usr/include/linux/hsi/cs-protocol.h
  HDRTEST usr/include/linux/vfio.h
  HDRTEST usr/include/linux/dlm.h
  HDRTEST usr/include/linux/net_namespace.h
  HDRTEST usr/include/linux/if_bonding.h
  HDRTEST usr/include/linux/pps.h
  HDRTEST usr/include/linux/cgroupstats.h
  HDRTEST usr/include/linux/mman.h
  HDRTEST usr/include/linux/kexec.h
  HDRTEST usr/include/linux/elf-em.h
  HDRTEST usr/include/linux/aio_abi.h
  HDRTEST usr/include/linux/hash_info.h
  HDRTEST usr/include/linux/seccomp.h
  CC      mm/mempool.o
  HDRTEST usr/include/linux/if_arp.h
  HDRTEST usr/include/linux/nfs3.h
  HDRTEST usr/include/linux/v4l2-mediabus.h
  HDRTEST usr/include/linux/gtp.h
  CC      kernel/sysctl_binary.o
  HDRTEST usr/include/linux/ipmi_msgdefs.h
  HDRTEST usr/include/linux/isdn/capicmd.h
  HDRTEST usr/include/linux/lirc.h
  HDRTEST usr/include/linux/mount.h
  HDRTEST usr/include/linux/kd.h
  HDRTEST usr/include/linux/adfs_fs.h
  CC      arch/arm64/kernel/process.o
  HDRTEST usr/include/linux/vtpm_proxy.h
  HDRTEST usr/include/linux/shm.h
  HDRTEST usr/include/linux/memfd.h
  HDRTEST usr/include/linux/arm_sdei.h
  HDRTEST usr/include/linux/gfs2_ondisk.h
  HDRTEST usr/include/linux/v4l2-controls.h
  HDRTEST usr/include/linux/smiapp.h
  HDRTEST usr/include/linux/switchtec_ioctl.h
  HDRTEST usr/include/linux/ipmi.h
  HDRTEST usr/include/linux/random.h
  HDRTEST usr/include/linux/vfio_ccw.h
  HDRTEST usr/include/linux/selinux_netlink.h
  HDRTEST usr/include/linux/if_tun.h
  CC      kernel/capability.o
  HDRTEST usr/include/linux/if_eql.h
  HDRTEST usr/include/linux/serial_reg.h
  HDRTEST usr/include/linux/meye.h
  HDRTEST usr/include/linux/nbd.h
  HDRTEST usr/include/linux/if_alg.h
  HDRTEST usr/include/linux/seg6_genl.h
  HDRTEST usr/include/linux/nsfs.h
  HDRTEST usr/include/linux/if_vlan.h
  HDRTEST usr/include/linux/tcp_metrics.h
  CC      mm/oom_kill.o
  HDRTEST usr/include/linux/bpqether.h
  HDRTEST usr/include/linux/incrementalfs.h
  HDRTEST usr/include/linux/major.h
  HDRTEST usr/include/linux/vboxguest.h
  HDRTEST usr/include/linux/posix_acl.h
  HDRTEST usr/include/linux/videodev2.h
  HDRTEST usr/include/linux/lightnvm.h
  HDRTEST usr/include/linux/hiddev.h
  HDRTEST usr/include/linux/pci_regs.h
  HDRTEST usr/include/linux/sonypi.h
  HDRTEST usr/include/linux/kvm_para.h
  HDRTEST usr/include/linux/virtio_ring.h
  HDRTEST usr/include/linux/ipc.h
  HDRTEST usr/include/linux/wmi.h
  HDRTEST usr/include/linux/rpmb.h
  HDRTEST usr/include/linux/virtio_types.h
  HDRTEST usr/include/linux/coff.h
  HDRTEST usr/include/linux/nexthop.h
  HDRTEST usr/include/linux/seg6_iptunnel.h
  HDRTEST usr/include/linux/atmclip.h
  HDRTEST usr/include/linux/fb.h
  HDRTEST usr/include/linux/if_tunnel.h
  CC      arch/arm64/kernel/ptrace.o
  CC      kernel/ptrace.o
  HDRTEST usr/include/linux/if_phonet.h
  HDRTEST usr/include/linux/io_uring.h
  HDRTEST usr/include/linux/virtio_mmio.h
  HDRTEST usr/include/linux/dma-heap.h
  HDRTEST usr/include/linux/tee.h
  HDRTEST usr/include/linux/suspend_ioctls.h
  HDRTEST usr/include/linux/sock_diag.h
  HDRTEST usr/include/linux/string.h
  HDRTEST usr/include/linux/atmsap.h
  HDRTEST usr/include/linux/if_fc.h
  HDRTEST usr/include/linux/ncsi.h
  HDRTEST usr/include/linux/psample.h
  HDRTEST usr/include/linux/hdlc.h
  HDRTEST usr/include/linux/membarrier.h
  HDRTEST usr/include/linux/genwqe/genwqe_card.h
  HDRTEST usr/include/linux/fsi.h
  HDRTEST usr/include/linux/inet_diag.h
  HDRTEST usr/include/linux/dn.h
  HDRTEST usr/include/linux/tipc.h
  HDRTEST usr/include/linux/nfsd/nfsfh.h
  HDRTEST usr/include/linux/nfsd/cld.h
  HDRTEST usr/include/linux/nfsd/stats.h
  HDRTEST usr/include/linux/nfsd/debug.h
  CC      mm/fadvise.o
  HDRTEST usr/include/linux/nfsd/export.h
  HDRTEST usr/include/linux/iio/events.h
  HDRTEST usr/include/linux/iio/types.h
  HDRTEST usr/include/linux/ax25.h
  CC      arch/arm64/kernel/setup.o
  HDRTEST usr/include/linux/baycom.h
  HDRTEST usr/include/linux/netfilter_ipv4.h
  HDRTEST usr/include/linux/userfaultfd.h
  HDRTEST usr/include/linux/ip6_tunnel.h
  HDRTEST usr/include/linux/atm.h
  HDRTEST usr/include/linux/ioctl.h
  HDRTEST usr/include/linux/vhost_types.h
  HDRTEST usr/include/linux/auto_dev-ioctl.h
  CC      kernel/user.o
  HDRTEST usr/include/linux/fsmap.h
  HDRTEST usr/include/linux/tipc_config.h
  HDRTEST usr/include/linux/mic_common.h
  HDRTEST usr/include/linux/radeonfb.h
  HDRTEST usr/include/linux/smc_diag.h
  HDRTEST usr/include/linux/phonet.h
  HDRTEST usr/include/linux/fsverity.h
  HDRTEST usr/include/linux/netrom.h
  HDRTEST usr/include/linux/tc_ematch/tc_em_nbyte.h
  HDRTEST usr/include/linux/tc_ematch/tc_em_ipt.h
  HDRTEST usr/include/linux/tc_ematch/tc_em_cmp.h
  CC      kernel/signal.o
  HDRTEST usr/include/linux/tc_ematch/tc_em_meta.h
  HDRTEST usr/include/linux/tc_ematch/tc_em_text.h
  HDRTEST usr/include/linux/ptp_clock.h
  CC      mm/maccess.o
  HDRTEST usr/include/linux/kernel.h
  HDRTEST usr/include/linux/nfs4.h
  CC      arch/arm64/kernel/signal.o
  HDRTEST usr/include/linux/udmabuf.h
  HDRTEST usr/include/linux/hw_breakpoint.h
  HDRTEST usr/include/linux/hdlcdrv.h
  HDRTEST usr/include/linux/psci.h
  HDRTEST usr/include/linux/nilfs2_api.h
  HDRTEST usr/include/linux/sched/types.h
  HDRTEST usr/include/linux/snmp.h
  HDRTEST usr/include/linux/serial.h
  HDRTEST usr/include/linux/bcm933xx_hcs.h
  HDRTEST usr/include/linux/can.h
  HDRTEST usr/include/linux/tcp.h
  HDRTEST usr/include/linux/minix_fs.h
  HDRTEST usr/include/linux/synclink.h
  HDRTEST usr/include/linux/bpfilter.h
  HDRTEST usr/include/linux/icmp.h
  HDRTEST usr/include/linux/posix_types.h
  HDRTEST usr/include/linux/in_route.h
  HDRTEST usr/include/linux/bsg.h
  HDRTEST usr/include/linux/xattr.h
  HDRTEST usr/include/linux/zorro.h
  CC      mm/page-writeback.o
  HDRTEST usr/include/linux/ppp-comp.h
  HDRTEST usr/include/linux/firewire-cdev.h
  HDRTEST usr/include/linux/uuid.h
  CC      arch/arm64/kernel/sys.o
  HDRTEST usr/include/linux/userio.h
  HDRTEST usr/include/linux/thermal.h
  HDRTEST usr/include/linux/reiserfs_xattr.h
  HDRTEST usr/include/linux/netfilter.h
  HDRTEST usr/include/linux/pg.h
  HDRTEST usr/include/linux/poll.h
  HDRTEST usr/include/linux/msg.h
  HDRTEST usr/include/linux/affs_hardblocks.h
  HDRTEST usr/include/linux/mpls_iptunnel.h
  HDRTEST usr/include/linux/dlm_plock.h
  HDRTEST usr/include/linux/pkt_cls.h
  HDRTEST usr/include/linux/fpga-dfl.h
  HDRTEST usr/include/linux/libc-compat.h
  HDRTEST usr/include/linux/nfc/nfcinfo.h
  HDRTEST usr/include/linux/virtio_balloon.h
  HDRTEST usr/include/linux/blkzoned.h
  HDRTEST usr/include/linux/rseq.h
  HDRTEST usr/include/linux/atmarp.h
  CC      arch/arm64/kernel/stacktrace.o
  HDRTEST usr/include/linux/aspeed-lpc-ctrl.h
  HDRTEST usr/include/linux/if_fddi.h
  HDRTEST usr/include/linux/mtio.h
  HDRTEST usr/include/linux/kernel-page-flags.h
  HDRTEST usr/include/linux/irqnr.h
  HDRTEST usr/include/linux/reboot.h
  HDRTEST usr/include/linux/vt.h
  HDRTEST usr/include/linux/watchdog.h
  HDRTEST usr/include/linux/if_pppox.h
  HDRTEST usr/include/linux/pfkeyv2.h
  HDRTEST usr/include/linux/if.h
  HDRTEST usr/include/linux/phantom.h
  HDRTEST usr/include/linux/tc_act/tc_tunnel_key.h
  HDRTEST usr/include/linux/tc_act/tc_ct.h
  CC      kernel/sys.o
  HDRTEST usr/include/linux/tc_act/tc_bpf.h
  HDRTEST usr/include/linux/tc_act/tc_skbedit.h
  HDRTEST usr/include/linux/tc_act/tc_nat.h
  HDRTEST usr/include/linux/tc_act/tc_ife.h
  HDRTEST usr/include/linux/tc_act/tc_csum.h
  HDRTEST usr/include/linux/tc_act/tc_skbmod.h
  HDRTEST usr/include/linux/tc_act/tc_gact.h
  HDRTEST usr/include/linux/tc_act/tc_ipt.h
  HDRTEST usr/include/linux/tc_act/tc_mpls.h
  HDRTEST usr/include/linux/tc_act/tc_defact.h
  HDRTEST usr/include/linux/tc_act/tc_ctinfo.h
  HDRTEST usr/include/linux/tc_act/tc_pedit.h
  CC      arch/arm64/kernel/time.o
  HDRTEST usr/include/linux/tc_act/tc_mirred.h
  HDRTEST usr/include/linux/tc_act/tc_connmark.h
  HDRTEST usr/include/linux/tc_act/tc_sample.h
  HDRTEST usr/include/linux/tc_act/tc_vlan.h
  HDRTEST usr/include/linux/personality.h
  HDRTEST usr/include/linux/screen_info.h
  HDRTEST usr/include/linux/times.h
  HDRTEST usr/include/linux/tiocl.h
  HDRTEST usr/include/linux/efs_fs_sb.h
  HDRTEST usr/include/linux/udp.h
  HDRTEST usr/include/linux/atmppp.h
  HDRTEST usr/include/linux/capability.h
  HDRTEST usr/include/linux/fs.h
  HDRTEST usr/include/linux/netfilter_ipv4/ipt_ecn.h
  HDRTEST usr/include/linux/netfilter_ipv4/ipt_LOG.h
  HDRTEST usr/include/linux/netfilter_ipv4/ipt_ah.h
  CC      mm/readahead.o
  HDRTEST usr/include/linux/netfilter_ipv4/ipt_TTL.h
  HDRTEST usr/include/linux/netfilter_ipv4/ipt_REJECT.h
  HDRTEST usr/include/linux/netfilter_ipv4/ipt_ttl.h
  HDRTEST usr/include/linux/netfilter_ipv4/ipt_CLUSTERIP.h
  HDRTEST usr/include/linux/netfilter_ipv4/ip_tables.h
  HDRTEST usr/include/linux/netfilter_ipv4/ipt_ECN.h
  HDRTEST usr/include/linux/vbox_vmmdev_types.h
  HDRTEST usr/include/linux/ims_bridge/ims_bridge.h
  HDRTEST usr/include/linux/if_xdp.h
  CC      arch/arm64/kernel/traps.o
  HDRTEST usr/include/linux/if_cablemodem.h
  HDRTEST usr/include/linux/batadv_packet.h
  HDRTEST usr/include/linux/ip_vs.h
  HDRTEST usr/include/linux/atm_nicstar.h
  HDRTEST usr/include/linux/usb/g_uvc.h
  HDRTEST usr/include/linux/usb/ch9.h
  HDRTEST usr/include/linux/usb/functionfs.h
  HDRTEST usr/include/linux/usb/tmc.h
  HDRTEST usr/include/linux/usb/gadgetfs.h
  HDRTEST usr/include/linux/usb/raw_gadget.h
  HDRTEST usr/include/linux/usb/midi.h
  HDRTEST usr/include/linux/usb/g_printer.h
  CC      kernel/umh.o
  HDRTEST usr/include/linux/usb/cdc-wdm.h
  HDRTEST usr/include/linux/usb/audio.h
  HDRTEST usr/include/linux/usb/ch11.h
  HDRTEST usr/include/linux/usb/cdc.h
  HDRTEST usr/include/linux/usb/video.h
  HDRTEST usr/include/linux/usb/f_accessory.h
  HDRTEST usr/include/linux/usb/charger.h
  HDRTEST usr/include/linux/input-event-codes.h
  HDRTEST usr/include/linux/dlmconstants.h
  CC      arch/arm64/kernel/io.o
  HDRTEST usr/include/linux/tty_flags.h
  HDRTEST usr/include/linux/atmbr2684.h
  HDRTEST usr/include/linux/fdreg.h
  HDRTEST usr/include/linux/uvcvideo.h
  HDRTEST usr/include/linux/ila.h
  HDRTEST usr/include/linux/gameport.h
  HDRTEST usr/include/linux/time.h
  HDRTEST usr/include/linux/atmdev.h
  CC      mm/swap.o
  HDRTEST usr/include/linux/joystick.h
  HDRTEST usr/include/linux/tls.h
  HDRTEST usr/include/linux/rio_mport_cdev.h
  HDRTEST usr/include/linux/acct.h
  HDRTEST usr/include/linux/input.h
  HDRTEST usr/include/linux/iso_fs.h
  CC      arch/arm64/kernel/vdso.o
  HDRTEST usr/include/linux/icmpv6.h
  HDRTEST usr/include/linux/ppp-ioctl.h
  HDRTEST usr/include/linux/sunrpc/debug.h
  HDRTEST usr/include/linux/if_plip.h
  HDRTEST usr/include/linux/rio_cm_cdev.h
  HDRTEST usr/include/linux/if_ltalk.h
  HDRTEST usr/include/linux/arcfb.h
  HDRTEST usr/include/linux/virtio_crypto.h
  HDRTEST usr/include/linux/if_team.h
  HDRTEST usr/include/linux/eventpoll.h
  HDRTEST usr/include/linux/kcov.h
  CC      kernel/workqueue.o
  HDRTEST usr/include/linux/ppp_defs.h
  HDRTEST usr/include/linux/ivtvfb.h
  HDRTEST usr/include/linux/audit.h
  HDRTEST usr/include/linux/mpls.h
  HDRTEST usr/include/linux/raid/md_p.h
  HDRTEST usr/include/linux/raid/md_u.h
  CC      arch/arm64/kernel/psci.o
  HDRTEST usr/include/linux/mii.h
  HDRTEST usr/include/linux/virtio_rng.h
  HDRTEST usr/include/linux/cciss_ioctl.h
  HDRTEST usr/include/linux/l2tp.h
  HDRTEST usr/include/linux/apm_bios.h
  HDRTEST usr/include/linux/cycx_cfm.h
  HDRTEST usr/include/linux/utsname.h
  HDRTEST usr/include/linux/lwtunnel.h
  HDRTEST usr/include/linux/devlink.h
  HDRTEST usr/include/linux/atmioc.h
  HDRTEST usr/include/linux/chio.h
  CC      arch/arm64/kernel/cpu_ops.o
  HDRTEST usr/include/linux/ion.h
  HDRTEST usr/include/linux/netfilter_arp/arp_tables.h
  HDRTEST usr/include/linux/netfilter_arp/arpt_mangle.h
  HDRTEST usr/include/linux/mqueue.h
  HDRTEST usr/include/linux/fib_rules.h
  HDRTEST usr/include/linux/qnxtypes.h
  HDRTEST usr/include/linux/sysctl.h
  CC      mm/truncate.o
  HDRTEST usr/include/linux/netfilter_ipv6/ip6t_srh.h
  HDRTEST usr/include/linux/netfilter_ipv6/ip6t_HL.h
  HDRTEST usr/include/linux/netfilter_ipv6/ip6t_NPT.h
  HDRTEST usr/include/linux/netfilter_ipv6/ip6t_ah.h
  HDRTEST usr/include/linux/netfilter_ipv6/ip6t_LOG.h
  HDRTEST usr/include/linux/netfilter_ipv6/ip6t_REJECT.h
  HDRTEST usr/include/linux/netfilter_ipv6/ip6t_mh.h
  CC      arch/arm64/kernel/insn.o
  HDRTEST usr/include/linux/netfilter_ipv6/ip6t_hl.h
  HDRTEST usr/include/linux/netfilter_ipv6/ip6t_rt.h
  HDRTEST usr/include/linux/netfilter_ipv6/ip6t_opts.h
  HDRTEST usr/include/linux/netfilter_ipv6/ip6_tables.h
  HDRTEST usr/include/linux/netfilter_ipv6/ip6t_frag.h
  HDRTEST usr/include/linux/netfilter_ipv6/ip6t_ipv6header.h
  HDRTEST usr/include/linux/qemu_fw_cfg.h
  HDRTEST usr/include/linux/if_arcnet.h
  HDRTEST usr/include/linux/reiserfs_fs.h
  HDRTEST usr/include/linux/sprd_ion.h
  HDRTEST usr/include/linux/dqblk_xfs.h
  HDRTEST usr/include/linux/termios.h
  HDRTEST usr/include/linux/kcm.h
  HDRTEST usr/include/linux/adb.h
  HDRTEST usr/include/linux/toshiba.h
  HDRTEST usr/include/linux/un.h
  HDRTEST usr/include/linux/unistd.h
  HDRTEST usr/include/linux/byteorder/little_endian.h
  HDRTEST usr/include/linux/byteorder/big_endian.h
  HDRTEST usr/include/linux/kernelcapi.h
  HDRTEST usr/include/linux/auxvec.h
  CC      arch/arm64/kernel/return_address.o
  HDRTEST usr/include/linux/max2175.h
  HDRTEST usr/include/linux/scif_ioctl.h
  HDRTEST usr/include/linux/mmc/ioctl.h
  HDRTEST usr/include/linux/seg6_hmac.h
  HDRTEST usr/include/linux/mempolicy.h
  CC      mm/vmscan.o
  HDRTEST usr/include/linux/gsmmux.h
  HDRTEST usr/include/linux/nvram.h
  HDRTEST usr/include/linux/wimax/i2400m.h
  HDRTEST usr/include/linux/cciss_defs.h
  CC      kernel/pid.o
  HDRTEST usr/include/linux/blkpg.h
  HDRTEST usr/include/linux/netfilter_decnet.h
  HDRTEST usr/include/linux/if_addrlabel.h
  HDRTEST usr/include/linux/sem.h
  HDRTEST usr/include/linux/timex.h
  HDRTEST usr/include/linux/netfilter/nfnetlink_conntrack.h
  HDRTEST usr/include/linux/netfilter/xt_policy.h
  HDRTEST usr/include/linux/netfilter/xt_connmark.h
  HDRTEST usr/include/linux/netfilter/xt_hashlimit.h
  HDRTEST usr/include/linux/netfilter/xt_mark.h
  HDRTEST usr/include/linux/netfilter/xt_devgroup.h
  HDRTEST usr/include/linux/netfilter/xt_socket.h
  HDRTEST usr/include/linux/netfilter/xt_pkttype.h
  HDRTEST usr/include/linux/netfilter/xt_connbytes.h
  CC      arch/arm64/kernel/cpuinfo.o
  HDRTEST usr/include/linux/netfilter/nfnetlink_compat.h
  HDRTEST usr/include/linux/netfilter/xt_time.h
  HDRTEST usr/include/linux/netfilter/xt_addrtype.h
  HDRTEST usr/include/linux/netfilter/xt_TEE.h
  HDRTEST usr/include/linux/netfilter/xt_tcpmss.h
  HDRTEST usr/include/linux/netfilter/xt_sctp.h
  HDRTEST usr/include/linux/netfilter/nf_synproxy.h
  HDRTEST usr/include/linux/netfilter/xt_SECMARK.h
  HDRTEST usr/include/linux/netfilter/nf_conntrack_common.h
  HDRTEST usr/include/linux/netfilter/xt_ecn.h
  HDRTEST usr/include/linux/netfilter/nfnetlink_acct.h
  HDRTEST usr/include/linux/netfilter/nf_conntrack_sctp.h
  HDRTEST usr/include/linux/netfilter/xt_statistic.h
  CC      arch/arm64/kernel/cpu_errata.o
  HDRTEST usr/include/linux/netfilter/x_tables.h
  HDRTEST usr/include/linux/netfilter/xt_LOG.h
  HDRTEST usr/include/linux/netfilter/xt_quota.h
  CC      kernel/task_work.o
  HDRTEST usr/include/linux/netfilter/xt_realm.h
  HDRTEST usr/include/linux/netfilter/xt_MARK.h
  HDRTEST usr/include/linux/netfilter/xt_ipvs.h
  HDRTEST usr/include/linux/netfilter/nfnetlink_cthelper.h
  HDRTEST usr/include/linux/netfilter/xt_state.h
  HDRTEST usr/include/linux/netfilter/xt_conntrack.h
  HDRTEST usr/include/linux/netfilter/xt_iprange.h
  HDRTEST usr/include/linux/netfilter/xt_comment.h
  HDRTEST usr/include/linux/netfilter/xt_multiport.h
  HDRTEST usr/include/linux/netfilter/xt_set.h
  HDRTEST usr/include/linux/netfilter/xt_mac.h
  CC      arch/arm64/kernel/cpufeature.o
  HDRTEST usr/include/linux/netfilter/xt_IDLETIMER.h
  HDRTEST usr/include/linux/netfilter/xt_TPROXY.h
  HDRTEST usr/include/linux/netfilter/nf_conntrack_tcp.h
  HDRTEST usr/include/linux/netfilter/xt_rpfilter.h
  HDRTEST usr/include/linux/netfilter/xt_esp.h
  HDRTEST usr/include/linux/netfilter/xt_CONNSECMARK.h
  HDRTEST usr/include/linux/netfilter/xt_DSCP.h
  CC      kernel/extable.o
  HDRTEST usr/include/linux/netfilter/xt_rateest.h
  HDRTEST usr/include/linux/netfilter/xt_HMARK.h
  HDRTEST usr/include/linux/netfilter/xt_dscp.h
  HDRTEST usr/include/linux/netfilter/xt_AUDIT.h
  HDRTEST usr/include/linux/netfilter/xt_physdev.h
  CC      mm/shmem.o
  HDRTEST usr/include/linux/netfilter/xt_cluster.h
  HDRTEST usr/include/linux/netfilter/xt_CLASSIFY.h
  HDRTEST usr/include/linux/netfilter/xt_NFLOG.h
  HDRTEST usr/include/linux/netfilter/xt_owner.h
  HDRTEST usr/include/linux/netfilter/nf_nat.h
  HDRTEST usr/include/linux/netfilter/xt_SYNPROXY.h
  HDRTEST usr/include/linux/netfilter/xt_CONNMARK.h
  HDRTEST usr/include/linux/netfilter/nfnetlink_queue.h
  HDRTEST usr/include/linux/netfilter/nfnetlink_log.h
  HDRTEST usr/include/linux/netfilter/xt_cpu.h
  HDRTEST usr/include/linux/netfilter/xt_l2tp.h
  HDRTEST usr/include/linux/netfilter/xt_connlabel.h
  HDRTEST usr/include/linux/netfilter/xt_bpf.h
  HDRTEST usr/include/linux/netfilter/xt_TCPOPTSTRIP.h
  HDRTEST usr/include/linux/netfilter/nf_conntrack_ftp.h
  HDRTEST usr/include/linux/netfilter/nf_tables_compat.h
  HDRTEST usr/include/linux/netfilter/nfnetlink_osf.h
  CC      kernel/params.o
  HDRTEST usr/include/linux/netfilter/xt_length.h
  HDRTEST usr/include/linux/netfilter/xt_CHECKSUM.h
  HDRTEST usr/include/linux/netfilter/xt_RATEEST.h
  HDRTEST usr/include/linux/netfilter/nf_log.h
  HDRTEST usr/include/linux/netfilter/xt_nfacct.h
  HDRTEST usr/include/linux/netfilter/xt_u32.h
  HDRTEST usr/include/linux/netfilter/xt_dccp.h
  CC      arch/arm64/kernel/alternative.o
  HDRTEST usr/include/linux/netfilter/xt_helper.h
  HDRTEST usr/include/linux/netfilter/ipset/ip_set.h
  HDRTEST usr/include/linux/netfilter/ipset/ip_set_bitmap.h
  HDRTEST usr/include/linux/netfilter/ipset/ip_set_hash.h
  HDRTEST usr/include/linux/netfilter/ipset/ip_set_list.h
  HDRTEST usr/include/linux/netfilter/xt_recent.h
  HDRTEST usr/include/linux/netfilter/xt_osf.h
  HDRTEST usr/include/linux/netfilter/nf_tables.h
  HDRTEST usr/include/linux/netfilter/xt_cgroup.h
  HDRTEST usr/include/linux/netfilter/xt_CT.h
  HDRTEST usr/include/linux/netfilter/xt_NFQUEUE.h
  CC      arch/arm64/kernel/cacheinfo.o
  HDRTEST usr/include/linux/netfilter/xt_limit.h
  HDRTEST usr/include/linux/netfilter/nfnetlink_cttimeout.h
  HDRTEST usr/include/linux/netfilter/xt_TCPMSS.h
  HDRTEST usr/include/linux/netfilter/xt_LED.h
  HDRTEST usr/include/linux/netfilter/xt_tcpudp.h
  HDRTEST usr/include/linux/netfilter/nf_conntrack_tuple_common.h
  HDRTEST usr/include/linux/netfilter/xt_ipcomp.h
  CC      kernel/kthread.o
  HDRTEST usr/include/linux/netfilter/xt_connlimit.h
  HDRTEST usr/include/linux/netfilter/xt_string.h
  HDRTEST usr/include/linux/netfilter/nfnetlink.h
  HDRTEST usr/include/linux/route.h
  HDRTEST usr/include/linux/omap3isp.h
  HDRTEST usr/include/linux/taskstats.h
  HDRTEST usr/include/linux/rfkill.h
  HDRTEST usr/include/linux/nfs_mount.h
  HDRTEST usr/include/linux/mic_ioctl.h
  HDRTEST usr/include/linux/sonet.h
  HDRTEST usr/include/linux/fadvise.h
  HDRTEST usr/include/linux/rpmsg.h
  HDRTEST usr/include/linux/wireless.h
  CC      arch/arm64/kernel/smp.o
  HDRTEST usr/include/linux/if_infiniband.h
  HDRTEST usr/include/linux/media.h
  HDRTEST usr/include/linux/ivtv.h
  HDRTEST usr/include/linux/kfd_ioctl.h
  HDRTEST usr/include/linux/netlink_diag.h
  HDRTEST usr/include/linux/tty.h
  HDRTEST usr/include/linux/watch_queue.h
  HDRTEST usr/include/linux/qrtr.h
  HDRTEST usr/include/linux/uleds.h
  HDRTEST usr/include/linux/module.h
  CC      mm/util.o
  HDRTEST usr/include/linux/wireguard.h
  HDRTEST usr/include/linux/nbd-netlink.h
  HDRTEST usr/include/linux/netfilter_bridge/ebt_vlan.h
  HDRTEST usr/include/linux/netfilter_bridge/ebt_ip6.h
  HDRTEST usr/include/linux/netfilter_bridge/ebt_limit.h
  HDRTEST usr/include/linux/netfilter_bridge/ebt_arp.h
  HDRTEST usr/include/linux/netfilter_bridge/ebtables.h
  HDRTEST usr/include/linux/netfilter_bridge/ebt_pkttype.h
  HDRTEST usr/include/linux/netfilter_bridge/ebt_arpreply.h
  HDRTEST usr/include/linux/netfilter_bridge/ebt_nflog.h
  CC      kernel/sys_ni.o
  HDRTEST usr/include/linux/netfilter_bridge/ebt_redirect.h
  HDRTEST usr/include/linux/netfilter_bridge/ebt_ip.h
  HDRTEST usr/include/linux/netfilter_bridge/ebt_802_3.h
  HDRTEST usr/include/linux/netfilter_bridge/ebt_mark_m.h
  HDRTEST usr/include/linux/netfilter_bridge/ebt_mark_t.h
  HDRTEST usr/include/linux/netfilter_bridge/ebt_nat.h
  HDRTEST usr/include/linux/netfilter_bridge/ebt_stp.h
  HDRTEST usr/include/linux/netfilter_bridge/ebt_among.h
  CC      kernel/nsproxy.o
  HDRTEST usr/include/linux/netfilter_bridge/ebt_log.h
  HDRTEST usr/include/linux/auto_fs4.h
  HDRTEST usr/include/linux/atmsvc.h
  HDRTEST usr/include/linux/nfs4_mount.h
  HDRTEST usr/include/linux/dma-buf.h
  HDRTEST usr/include/linux/net_tstamp.h
  CC      arch/arm64/kernel/smp_spin_table.o
  HDRTEST usr/include/linux/zorro_ids.h
  HDRTEST usr/include/linux/if_hippi.h
  HDRTEST usr/include/linux/bt-bmc.h
  HDRTEST usr/include/linux/isst_if.h
  HDRTEST usr/include/linux/hsr_netlink.h
  HDRTEST usr/include/linux/vm_sockets.h
  HDRTEST usr/include/linux/v4l2-subdev.h
  HDRTEST usr/include/linux/pr.h
  HDRTEST usr/include/linux/nfs_idmap.h
  HDRTEST usr/include/linux/netfilter_arp.h
  CC      mm/mmzone.o
  HDRTEST usr/include/linux/in6.h
  HDRTEST usr/include/linux/vbox_err.h
  HDRTEST usr/include/linux/ipx.h
  CC      arch/arm64/kernel/topology.o
  HDRTEST usr/include/linux/const.h
  HDRTEST usr/include/linux/v4l2-common.h
  CC      kernel/notifier.o
  HDRTEST usr/include/linux/nilfs2_ondisk.h
  HDRTEST usr/include/linux/elf-fdpic.h
  HDRTEST usr/include/linux/packet_diag.h
  HDRTEST usr/include/linux/if_link.h
  HDRTEST usr/include/linux/virtio_pci.h
  CC      mm/vmstat.o
  HDRTEST usr/include/linux/binfmts.h
  HDRTEST usr/include/linux/kvm.h
  HDRTEST usr/include/linux/usbdevice_fs.h
  HDRTEST usr/include/linux/ppdev.h
  CC      arch/arm64/kernel/syscall.o
  HDRTEST usr/include/linux/virtio_config.h
  HDRTEST usr/include/linux/gpio.h
  HDRTEST usr/include/linux/sysinfo.h
  HDRTEST usr/include/linux/elfcore.h
  HDRTEST usr/include/linux/patchkey.h
  HDRTEST usr/include/linux/if_addr.h
  HDRTEST usr/include/linux/dccp.h
  HDRTEST usr/include/linux/stm.h
  HDRTEST usr/include/linux/nubus.h
  HDRTEST usr/include/linux/fou.h
  HDRTEST usr/include/linux/uhid.h
  CC      kernel/ksysfs.o
  HDRTEST usr/include/linux/virtio_input.h
  HDRTEST usr/include/linux/media-bus-format.h
  HDRTEST usr/include/linux/scc.h
  HDRTEST usr/include/linux/stddef.h
  HDRTEST usr/include/linux/cramfs_fs.h
  HDRTEST usr/include/linux/i2c-dev.h
  HDRTEST usr/include/linux/if_x25.h
  HDRTEST usr/include/linux/mroute6.h
  HDRTEST usr/include/linux/virtio_console.h
  CC      arch/arm64/kernel/sys32.o
  HDRTEST usr/include/linux/sdla.h
  HDRTEST usr/include/linux/if_slip.h
  HDRTEST usr/include/linux/sed-opal.h
  HDRTEST usr/include/linux/ipsec.h
  HDRTEST usr/include/linux/if_macsec.h
  HDRTEST usr/include/linux/oom.h
  HDRTEST usr/include/linux/b1lli.h
  HDRTEST usr/include/linux/filter.h
  HDRTEST usr/include/linux/fsl_hypervisor.h
  HDRTEST usr/include/linux/perf_event.h
  HDRTEST usr/include/linux/sched.h
  HDRTEST usr/include/linux/rds.h
  CC      kernel/cred.o
  HDRTEST usr/include/linux/netfilter_bridge.h
  HDRTEST usr/include/linux/utime.h
  HDRTEST usr/include/linux/nvme_ioctl.h
  CC      arch/arm64/kernel/signal32.o
  CC      mm/backing-dev.o
  HDRTEST usr/include/linux/mmtimer.h
  HDRTEST usr/include/linux/matroxfb.h
  HDRTEST usr/include/linux/can/gw.h
  HDRTEST usr/include/linux/can/raw.h
  HDRTEST usr/include/linux/can/netlink.h
  HDRTEST usr/include/linux/can/j1939.h
  HDRTEST usr/include/linux/can/vxcan.h
  HDRTEST usr/include/linux/can/error.h
  HDRTEST usr/include/linux/can/bcm.h
  HDRTEST usr/include/linux/inotify.h
  HDRTEST usr/include/linux/fd.h
  HDRTEST usr/include/linux/omapfb.h
  HDRTEST usr/include/linux/nl80211.h
  HDRTEST usr/include/linux/udf_fs_i.h
  HDRTEST usr/include/linux/btf.h
  HDRTEST usr/include/linux/netdevice.h
  HDRTEST usr/include/drm/lima_drm.h
  HDRTEST usr/include/drm/drm_mode.h
  HDRTEST usr/include/drm/i915_drm.h
  HDRTEST usr/include/drm/gsp_cfg.h
  HDRTEST usr/include/drm/i810_drm.h
  HDRTEST usr/include/drm/drm.h
  CC      arch/arm64/kernel/sys_compat.o
  HDRTEST usr/include/drm/armada_drm.h
  HDRTEST usr/include/drm/v3d_drm.h
  HDRTEST usr/include/drm/savage_drm.h
  CC      kernel/reboot.o
  HDRTEST usr/include/drm/vc4_drm.h
  HDRTEST usr/include/drm/omap_drm.h
  HDRTEST usr/include/drm/virtgpu_drm.h
  HDRTEST usr/include/drm/etnaviv_drm.h
  HDRTEST usr/include/drm/sis_drm.h
  HDRTEST usr/include/drm/via_drm.h
  HDRTEST usr/include/drm/drm_sarea.h
  HDRTEST usr/include/drm/nouveau_drm.h
  HDRTEST usr/include/drm/gsp_r8p0_cfg.h
  CC      mm/mm_init.o
  CC      arch/arm64/kernel/module.o
  HDRTEST usr/include/drm/mga_drm.h
  HDRTEST usr/include/drm/gsp_r6p0_cfg.h
  HDRTEST usr/include/drm/radeon_drm.h
  HDRTEST usr/include/drm/gsp_lite_r2p0_cfg.h
  HDRTEST usr/include/drm/gsp_r9p0_cfg.h
  HDRTEST usr/include/drm/r128_drm.h
  HDRTEST usr/include/drm/exynos_drm.h
  HDRTEST usr/include/drm/msm_drm.h
  HDRTEST usr/include/drm/drm_fourcc.h
  HDRTEST usr/include/drm/amdgpu_drm.h
  HDRTEST usr/include/drm/panfrost_drm.h
  HDRTEST usr/include/drm/vmwgfx_drm.h
  HDRTEST usr/include/drm/vgem_drm.h
  HDRTEST usr/include/drm/qxl_drm.h
  CC      arch/arm64/kernel/module-plts.o
  HDRTEST usr/include/drm/tegra_drm.h
  HDRTEST usr/include/drm/sprd_drm_gsp.h
  HDRTEST usr/include/drm/gsp_lite_r3p0_cfg.h
  HDRTEST usr/include/video/uvesafb.h
  HDRTEST usr/include/video/sprd_sensor_k.h
  CC      mm/mmu_context.o
  HDRTEST usr/include/video/sisfb.h
  HDRTEST usr/include/video/edid.h
  HDRTEST usr/include/video/sprd_jpg.h
  HDRTEST usr/include/video/hardware_info.h
In file included from <built-in>:1:
./usr/include/video/hardware_info.h:76:121: warning: // comments are not allowed in this language [-Wcomment]
#define HARDWARE_LCD_GET                            _IOWR(HARDWARE_ID, 0x01, char[HARDWARE_MAX_ITEM_LONGTH])            //  LCD
                                                                                                                        ^
  CC      arch/arm64/kernel/perf_regs.o
1 warning generated.
usr/include/video/hardware_info.h:138: userspace cannot reference function or variable defined in the kernel
usr/include/video/hardware_info.h:139: userspace cannot reference function or variable defined in the kernel
  CC      kernel/async.o
  HDRTEST usr/include/video/sprd_vsp.h
  HDRTEST usr/include/misc/habanalabs.h
  HDRTEST usr/include/misc/cxl.h
  HDRTEST usr/include/misc/xilinx_sdfec.h
  HDRTEST usr/include/misc/ocxl.h
  HDRTEST usr/include/misc/fastrpc.h
  HDRTEST usr/include/mtd/mtd-abi.h
  HDRTEST usr/include/mtd/nftl-user.h
  HDRTEST usr/include/mtd/mtd-user.h
  HDRTEST usr/include/mtd/ubi-user.h
  HDRTEST usr/include/mtd/inftl-user.h
  HDRTEST usr/include/asm/resource.h
  HDRTEST usr/include/asm/fcntl.h
  HDRTEST usr/include/asm/sigcontext.h
  HDRTEST usr/include/asm/swab.h
  HDRTEST usr/include/asm/siginfo.h
  CC      mm/percpu.o
  HDRTEST usr/include/asm/ioctls.h
  HDRTEST usr/include/asm/socket.h
  CC      kernel/range.o
  CC      arch/arm64/kernel/perf_callchain.o
  HDRTEST usr/include/asm/msgbuf.h
  HDRTEST usr/include/asm/stat.h
  HDRTEST usr/include/asm/signal.h
  CC      kernel/smpboot.o
  HDRTEST usr/include/asm/errno.h
  HDRTEST usr/include/asm/bpf_perf_event.h
  HDRTEST usr/include/asm/param.h
  HDRTEST usr/include/asm/types.h
  HDRTEST usr/include/asm/sockios.h
  HDRTEST usr/include/asm/ptrace.h
  HDRTEST usr/include/asm/mman.h
  HDRTEST usr/include/asm/byteorder.h
  HDRTEST usr/include/asm/ucontext.h
  HDRTEST usr/include/asm/kvm_para.h
  HDRTEST usr/include/asm/ioctl.h
  HDRTEST usr/include/asm/ipcbuf.h
  HDRTEST usr/include/asm/posix_types.h
  HDRTEST usr/include/asm/poll.h
  HDRTEST usr/include/asm/setup.h
  HDRTEST usr/include/asm/shmbuf.h
  HDRTEST usr/include/asm/sve_context.h
  HDRTEST usr/include/asm/statfs.h
  HDRTEST usr/include/asm/termios.h
  CC      arch/arm64/kernel/perf_event.o
  CC      kernel/ucount.o
  HDRTEST usr/include/asm/termbits.h
  HDRTEST usr/include/asm/unistd.h
  HDRTEST usr/include/asm/auxvec.h
  HDRTEST usr/include/asm/perf_regs.h
  HDRTEST usr/include/asm/bitsperlong.h
  HDRTEST usr/include/asm/hwcap.h
  HDRTEST usr/include/asm/kvm.h
  HDRTEST usr/include/asm/sembuf.h
  HDRTEST usr/include/asm-generic/resource.h
  HDRTEST usr/include/asm-generic/fcntl.h
  HDRTEST usr/include/asm-generic/swab.h
  HDRTEST usr/include/asm-generic/siginfo.h
  CC      kernel/kmod.o
  HDRTEST usr/include/asm-generic/mman-common.h
  HDRTEST usr/include/asm-generic/ioctls.h
  HDRTEST usr/include/asm-generic/socket.h
  HDRTEST usr/include/asm-generic/hugetlb_encode.h
  HDRTEST usr/include/asm-generic/msgbuf.h
  HDRTEST usr/include/asm-generic/stat.h
  HDRTEST usr/include/asm-generic/signal.h
  HDRTEST usr/include/asm-generic/errno.h
  HDRTEST usr/include/asm-generic/bpf_perf_event.h
  HDRTEST usr/include/asm-generic/param.h
  CC      arch/arm64/kernel/hw_breakpoint.o
  HDRTEST usr/include/asm-generic/types.h
  HDRTEST usr/include/asm-generic/sockios.h
  CC      mm/slab_common.o
  HDRTEST usr/include/asm-generic/mman.h
  HDRTEST usr/include/asm-generic/ucontext.h
  HDRTEST usr/include/asm-generic/kvm_para.h
  HDRTEST usr/include/asm-generic/int-ll64.h
  HDRTEST usr/include/asm-generic/ioctl.h
  HDRTEST usr/include/asm-generic/ipcbuf.h
  HDRTEST usr/include/asm-generic/posix_types.h
  HDRTEST usr/include/asm-generic/poll.h
  HDRTEST usr/include/asm-generic/setup.h
  HDRTEST usr/include/asm-generic/shmbuf.h
  HDRTEST usr/include/asm-generic/errno-base.h
  HDRTEST usr/include/asm-generic/statfs.h
  HDRTEST usr/include/asm-generic/termios.h
  HDRTEST usr/include/asm-generic/termbits.h
  HDRTEST usr/include/asm-generic/unistd.h
  HDRTEST usr/include/asm-generic/auxvec.h
  HDRTEST usr/include/asm-generic/signal-defs.h
  HDRTEST usr/include/asm-generic/bitsperlong.h
  HDRTEST usr/include/asm-generic/int-l64.h
  HDRTEST usr/include/asm-generic/sembuf.h
  AS      usr/initramfs_data.o
  CC      kernel/groups.o
  AR      usr/built-in.a
  CC      arch/arm64/kernel/suspend.o
  CC      arch/arm64/kernel/cpuidle.o
  CC      arch/arm64/kernel/jump_label.o
  CC      arch/arm64/kernel/efi.o
  CC      mm/compaction.o
  CC      kernel/bpf/core.o
  CC      fs/open.o
  CC      arch/arm64/kernel/pci.o
  CC      arch/arm64/kernel/armv8_deprecated.o
  CC      fs/read_write.o
  CC      arch/arm64/kernel/paravirt.o
  CC      arch/arm64/kernel/kaslr.o
  CC      mm/vmacache.o
  CC      kernel/bpf/syscall.o
  CC      arch/arm64/kernel/ssbd.o
  CC      mm/interval_tree.o
  CC      arch/arm64/kernel/scs.o
  CC      fs/file_table.o
  CC      mm/list_lru.o
  CC      arch/arm64/kernel/probes/uprobes.o
  CC      arch/arm64/kernel/probes/decode-insn.o
  CC      kernel/bpf/verifier.o
  CC      arch/arm64/kernel/probes/simulate-insn.o
  CC      fs/super.o
  CC      mm/workingset.o
  AR      arch/arm64/kernel/probes/built-in.a
  OBJCOPY arch/arm64/kernel/vdso/vdso.so
  CC      mm/debug.o
  AS      arch/arm64/kernel/vdso/vdso.o
  AR      arch/arm64/kernel/vdso/built-in.a
  AR      arch/arm64/kernel/built-in.a
  CC      fs/char_dev.o
  CC      arch/arm64/kvm/../../../virt/kvm/kvm_main.o
  CC      mm/gup.o
  CC      fs/stat.o
  CC      kernel/bpf/inode.o
  CC      mm/highmem.o
  CC      fs/exec.o
  CC      arch/arm64/kvm/../../../virt/kvm/coalesced_mmio.o
  CC      mm/memory.o
  CC      kernel/bpf/helpers.o
  CC      arch/arm64/kvm/../../../virt/kvm/eventfd.o
  CC      kernel/bpf/tnum.o
  CC      fs/pipe.o
  CC      kernel/bpf/hashtab.o
  CC      arch/arm64/kvm/../../../virt/kvm/vfio.o
  CC      mm/mincore.o
  CC      arch/arm64/kvm/../../../virt/kvm/arm/arm.o
  CC      kernel/bpf/arraymap.o
  CC      fs/namei.o
  CC      mm/mlock.o
  CC      kernel/bpf/percpu_freelist.o
  CC      kernel/bpf/bpf_lru_list.o
  CC      arch/arm64/kvm/../../../virt/kvm/arm/mmu.o
  CC      mm/mmap.o
  CC      kernel/bpf/lpm_trie.o
  CC      fs/fcntl.o
  CC      arch/arm64/kvm/../../../virt/kvm/arm/mmio.o
  CC      kernel/bpf/map_in_map.o
  CC      kernel/bpf/local_storage.o
  CC      mm/mmu_gather.o
  CC      arch/arm64/kvm/../../../virt/kvm/arm/psci.o
  CC      fs/ioctl.o
  CC      kernel/bpf/queue_stack_maps.o
  CC      mm/mprotect.o
  CC      kernel/bpf/disasm.o
  CC      arch/arm64/kvm/../../../virt/kvm/arm/perf.o
  CC      kernel/bpf/btf.o
  CC      fs/readdir.o
  CC      mm/mremap.o
  CC      arch/arm64/kvm/inject_fault.o
  CC      arch/arm64/kvm/regmap.o
  CC      mm/msync.o
  CC      kernel/bpf/devmap.o
  CC      fs/select.o
  CC      mm/page_vma_mapped.o
  CC      arch/arm64/kvm/va_layout.o
  CC      kernel/bpf/cpumap.o
  CC      mm/pagewalk.o
  CC      arch/arm64/kvm/handle_exit.o
  CC      mm/pgtable-generic.o
  CC      kernel/bpf/xskmap.o
  CC      arch/arm64/kvm/guest.o
  CC      fs/dcache.o
  CC      mm/rmap.o
  CC      kernel/bpf/offload.o
  CC      arch/arm64/kvm/debug.o
  CC      fs/inode.o
  CC      arch/arm64/kvm/reset.o
  CC      mm/vmalloc.o
  CC      arch/arm64/kvm/sys_regs.o
  CC      kernel/bpf/stackmap.o
  CC      fs/attr.o
  CC      kernel/bpf/cgroup.o
  CC      mm/process_vm_access.o
  CC      arch/arm64/kvm/sys_regs_generic_v8.o
  CC      fs/bad_inode.o
  CC      mm/vmpressure.o
  CC      arch/arm64/kvm/vgic-sys-reg-v3.o
  CC      mm/page_alloc.o
  CC      fs/file.o
  CC      arch/arm64/kvm/fpsimd.o
  CC      kernel/bpf/reuseport_array.o
  CC      arch/arm64/kvm/pmu.o
  AR      kernel/bpf/built-in.a
  CC      kernel/cgroup/cgroup.o
  CC      fs/filesystems.o
  CC      arch/arm64/kvm/../../../virt/kvm/arm/aarch32.o
  CC      arch/arm64/kvm/../../../virt/kvm/arm/vgic/vgic.o
  CC      fs/namespace.o
  CC      mm/shuffle.o
  CC      arch/arm64/kvm/../../../virt/kvm/arm/vgic/vgic-init.o
  CC      mm/init-mm.o
  CC      mm/memblock.o
  CC      arch/arm64/kvm/../../../virt/kvm/arm/vgic/vgic-irqfd.o
  CC      kernel/cgroup/rstat.o
  CC      fs/seq_file.o
  CC      mm/madvise.o
  CC      arch/arm64/kvm/../../../virt/kvm/arm/vgic/vgic-v2.o
  CC      kernel/cgroup/namespace.o
  CC      arch/arm64/kvm/../../../virt/kvm/arm/vgic/vgic-v3.o
  CC      fs/xattr.o
  CC      mm/page_io.o
  CC      kernel/cgroup/cgroup-v1.o
  CC      arch/arm64/kvm/../../../virt/kvm/arm/vgic/vgic-v4.o
  CC      mm/swap_state.o
  CC      fs/libfs.o
  CC      arch/arm64/kvm/../../../virt/kvm/arm/vgic/vgic-mmio.o
  CC      kernel/cgroup/freezer.o
  CC      mm/swapfile.o
  CC      arch/arm64/kvm/../../../virt/kvm/arm/vgic/vgic-mmio-v2.o
  CC      kernel/cgroup/legacy_freezer.o
  CC      fs/fs-writeback.o
  CC      arch/arm64/kvm/../../../virt/kvm/arm/vgic/vgic-mmio-v3.o
  CC      kernel/cgroup/cpuset.o
  CC      arch/arm64/kvm/../../../virt/kvm/arm/vgic/vgic-kvm-device.o
  CC      mm/swap_slots.o
  CC      mm/dmapool.o
  CC      arch/arm64/kvm/../../../virt/kvm/arm/vgic/vgic-its.o
  AR      kernel/cgroup/built-in.a
  CC      kernel/dma/mapping.o
  CC      fs/pnode.o
  CC      mm/sparse.o
  CC      fs/splice.o
  CC      arch/arm64/kvm/../../../virt/kvm/arm/vgic/vgic-debug.o
  CC      kernel/dma/direct.o
  CC      arch/arm64/kvm/../../../virt/kvm/irqchip.o
  CC      kernel/dma/dummy.o
  CC      mm/sparse-vmemmap.o
  CC      fs/sync.o
  CC      arch/arm64/kvm/../../../virt/kvm/arm/arch_timer.o
  CC      mm/mmu_notifier.o
  CC      kernel/dma/contiguous.o
  CC      mm/ksm.o
  CC      kernel/dma/coherent.o
  CC      arch/arm64/kvm/../../../virt/kvm/arm/pmu.o
  CC      fs/utimes.o
  CC      kernel/dma/swiotlb.o
  CC      fs/d_path.o
  CC      mm/slub.o
  CC      arch/arm64/kvm/hyp/../../../../virt/kvm/arm/hyp/vgic-v3-sr.o
  CC      arch/arm64/kvm/hyp/../../../../virt/kvm/arm/hyp/timer-sr.o
  CC      fs/stack.o
  CC      kernel/dma/remap.o
  CC      fs/fs_struct.o
  AR      kernel/dma/built-in.a
  CC      arch/arm64/kvm/hyp/../../../../virt/kvm/arm/hyp/aarch32.o
  CC      kernel/events/core.o
  CC      fs/statfs.o
  CC      arch/arm64/kvm/hyp/vgic-v2-cpuif-proxy.o
  CC      mm/kfence/core.o
  CC      arch/arm64/kvm/hyp/sysreg-sr.o
  CC      fs/fs_pin.o
  CC      mm/kfence/report.o
  CC      arch/arm64/kvm/hyp/debug-sr.o
  CC      fs/nsfs.o
  AR      mm/kfence/built-in.a
  CC      mm/memory_hotplug.o
  CC      arch/arm64/kvm/hyp/switch.o
  CC      fs/fs_types.o
  CC      kernel/events/ring_buffer.o
  CC      fs/fs_context.o
  CC      arch/arm64/kvm/hyp/tlb.o
  CC      mm/migrate.o
  AR      arch/arm64/kvm/hyp/built-in.a
  AR      arch/arm64/kvm/built-in.a
  CC      arch/arm64/mm/dma-mapping.o
  CC      fs/fs_parser.o
  CC      kernel/events/callchain.o
  CC      kernel/events/hw_breakpoint.o
  CC      arch/arm64/mm/extable.o
  CC      fs/fsopen.o
  CC      mm/huge_memory.o
  CC      arch/arm64/mm/fault.o
  CC      fs/buffer.o
  CC      kernel/events/uprobes.o
  CC      arch/arm64/mm/init.o
  CC      mm/khugepaged.o
  CC      arch/arm64/mm/copypage.o
  AR      kernel/events/built-in.a
  CC      kernel/irq/irqdesc.o
  CC      fs/block_dev.o
  CC      arch/arm64/mm/flush.o
  CC      mm/page_counter.o
  CC      mm/memcontrol.o
  CC      kernel/irq/handle.o
  CC      arch/arm64/mm/ioremap.o
  CC      kernel/irq/manage.o
  CC      fs/direct-io.o
  CC      arch/arm64/mm/mmap.o
  CC      arch/arm64/mm/pgd.o
  CC      kernel/irq/spurious.o
  CC      arch/arm64/mm/mmu.o
  CC      fs/mpage.o
  CC      kernel/irq/resend.o
  CC      kernel/irq/chip.o
  CC      mm/swap_cgroup.o
  CC      arch/arm64/mm/context.o
  CC      fs/proc_namespace.o
  CC      mm/cleancache.o
  CC      kernel/irq/dummychip.o
  CC      arch/arm64/mm/pageattr.o
  CC      fs/configfs/inode.o
  AR      arch/arm64/mm/built-in.a
  CC      arch/arm64/net/bpf_jit_comp.o
  CC      mm/page_isolation.o
  CC      kernel/irq/devres.o
  CC      fs/configfs/file.o
  CC      mm/zsmalloc.o
  CC      fs/configfs/dir.o
  CC      kernel/irq/generic-chip.o
  AR      arch/arm64/net/built-in.a
  AR      arch/arm64/built-in.a
  CC      fs/configfs/symlink.o
  CC      kernel/irq/autoprobe.o
  CC      fs/configfs/mount.o
  CC      fs/crypto/crypto.o
  CC      mm/early_ioremap.o
  CC      fs/configfs/item.o
  CC      kernel/irq/irqdomain.o
  CC      mm/cma.o
  CC      fs/crypto/fname.o
  AR      fs/configfs/built-in.a
  CC      kernel/locking/mutex.o
  CC      kernel/irq/proc.o
  CC      kernel/locking/semaphore.o
  CC      mm/balloon_compaction.o
  CC      fs/crypto/hkdf.o
  CC      kernel/irq/cpuhotplug.o
  CC      kernel/locking/rwsem.o
  CC      fs/crypto/hooks.o
  CC      kernel/irq/pm.o
  CC      mm/userfaultfd.o
  CC      kernel/locking/percpu-rwsem.o
  CC      mm/frame_vector.o
  CC      fs/crypto/keyring.o
  CC      kernel/irq/msi.o
  CC      kernel/locking/spinlock.o
  CC      mm/usercopy.o
  CC      kernel/locking/osq_lock.o
  CC      kernel/irq/ipi.o
  CC      kernel/locking/qspinlock.o
  CC      fs/crypto/keysetup.o
  CC      kernel/locking/rtmutex.o
  CC      mm/memfd.o
  CC      kernel/irq/affinity.o
  AR      kernel/irq/built-in.a
  CC      kernel/locking/qrwlock.o
  CC      mm/process_reclaim.o
  CC      fs/crypto/keysetup_v1.o
  CC      security/integrity/iint.o
  AR      kernel/locking/built-in.a
  CC      kernel/power/qos.o
  CC      security/integrity/integrity_audit.o
  AR      mm/built-in.a
  CC      fs/crypto/policy.o
  CC      kernel/printk/printk.o
  AR      security/integrity/built-in.a
  CC      security/keys/gc.o
  CC      kernel/power/main.o
  CC      security/keys/key.o
  CC      fs/crypto/bio.o
  CC      kernel/printk/printk_safe.o
  CC      security/keys/keyring.o
  AR      kernel/printk/built-in.a
  CC      kernel/power/process.o
  CC      fs/crypto/inline_crypt.o
  CC      security/selinux/avc.o
  CC      kernel/power/suspend.o
  CC      security/keys/keyctl.o
  AR      fs/crypto/built-in.a
  CC      fs/debugfs/inode.o
  CC      security/selinux/hooks.o
  CC      security/keys/permission.o
  CC      kernel/power/wakelock.o
  CC      fs/debugfs/file.o
  CC      security/keys/process_keys.o
  CC      kernel/power/poweroff.o
  CC      kernel/power/wakeup_reason.o
  AR      fs/debugfs/built-in.a
  CC      fs/devpts/inode.o
  CC      security/keys/request_key.o
  CC      security/selinux/selinuxfs.o
  AR      fs/devpts/built-in.a
  CC      kernel/power/energy_model.o
  CC      fs/erofs/super.o
  CC      security/keys/request_key_auth.o
  AR      kernel/power/built-in.a
  CC      kernel/rcu/update.o
  CC      security/selinux/netlink.o
  CC      fs/erofs/inode.o
  CC      security/keys/user_defined.o
  CC      security/selinux/nlmsgtab.o
  CC      fs/erofs/data.o
  CC      security/keys/compat.o
  CC      kernel/rcu/sync.o
  CC      kernel/rcu/srcutree.o
  CC      fs/erofs/namei.o
  CC      security/selinux/netif.o
  CC      security/keys/proc.o
  CC      fs/erofs/dir.o
  CC      security/keys/sysctl.o
  CC      kernel/rcu/tree.o
  CC      security/keys/keyctl_pkey.o
  CC      fs/erofs/utils.o
  CC      security/selinux/netnode.o
  CC      fs/erofs/xattr.o
  AR      security/keys/built-in.a
  CC      fs/exportfs/expfs.o
  CC      security/selinux/netport.o
  AR      fs/exportfs/built-in.a
  CC      fs/erofs/decompressor.o
  CC      fs/erofs/zmap.o
  CC      security/selinux/ibpkey.o
  CC      kernel/rcu/rcu_segcblist.o
  CC      crypto/api.o
  AR      kernel/rcu/built-in.a
  CC      fs/erofs/zdata.o
  CC      kernel/sched/core.o
  CC      security/selinux/ss/ebitmap.o
  CC      crypto/cipher.o
  AR      fs/erofs/built-in.a
  CC      fs/ext4/balloc.o
  CC      security/selinux/ss/hashtab.o
  CC      crypto/compress.o
  CC      security/selinux/ss/symtab.o
  CC      security/selinux/ss/sidtab.o
  CC      crypto/crypto_engine.o
  CC      fs/ext4/bitmap.o
  CC      fs/ext4/block_validity.o
  CC      crypto/algapi.o
  CC      security/selinux/ss/avtab.o
  CC      fs/ext4/dir.o
  CC      kernel/sched/loadavg.o
  CC      security/selinux/ss/policydb.o
  CC      fs/ext4/ext4_jbd2.o
  CC      crypto/scatterwalk.o
  CC      fs/ext4/extents.o
  CC      crypto/proc.o
  CC      security/selinux/ss/services.o
  CC      kernel/sched/clock.o
  CC      crypto/aead.o
  CC      security/selinux/ss/conditional.o
  CC      kernel/sched/cputime.o
  CC      fs/ext4/extents_status.o
  CC      crypto/ablkcipher.o
  CC      security/selinux/ss/mls.o
  CC      fs/ext4/file.o
  CC      kernel/sched/idle.o
  CC      crypto/blkcipher.o
  CC      security/selinux/ss/status.o
  CC      fs/ext4/fsmap.o
  AR      security/selinux/built-in.a
  CC      security/commoncap.o
  CC      crypto/skcipher.o
  CC      kernel/sched/fair.o
  CC      fs/ext4/fsync.o
  CC      security/min_addr.o
  CC      security/security.o
  CC      crypto/seqiv.o
  CC      fs/ext4/hash.o
  CC      crypto/echainiv.o
  CC      fs/ext4/ialloc.o
  CC      crypto/ahash.o
  CC      security/inode.o
  CC      kernel/sched/rt.o
  CC      fs/ext4/indirect.o
  CC      security/lsm_audit.o
  CC      crypto/shash.o
  CC      fs/ext4/inline.o
  CC      kernel/sched/deadline.o
  AR      security/built-in.a
  CC      crypto/akcipher.o
  CC      block/bio.o
  CC      fs/ext4/inode.o
  CC      kernel/sched/wait.o
  CC      crypto/kpp.o
  CC      block/elevator.o
  CC      crypto/rsapubkey.asn1.o
  CC      crypto/rsaprivkey.asn1.o
  CC      crypto/rsa.o
  CC      kernel/sched/wait_bit.o
  CC      fs/ext4/ioctl.o
  CC      crypto/rsa_helper.o
  CC      crypto/rsa-pkcs1pad.o
  CC      block/blk-core.o
  CC      fs/ext4/mballoc.o
  CC      kernel/sched/swait.o
  CC      crypto/acompress.o
  CC      crypto/scompress.o
  CC      kernel/sched/completion.o
  CC      block/blk-sysfs.o
  CC      fs/ext4/migrate.o
  CC      crypto/algboss.o
  CC      fs/ext4/mmp.o
  CC      block/blk-flush.o
  CC      kernel/sched/sched_tp.o
  CC      crypto/testmgr.o
  CC      fs/ext4/move_extent.o
  CC      block/blk-settings.o
  CC      kernel/sched/cpupri.o
  CC      fs/ext4/namei.o
  CC      crypto/cmac.o
  CC      block/blk-ioc.o
  CC      kernel/sched/cpudeadline.o
  CC      crypto/hmac.o
  CC      crypto/xcbc.o
  CC      kernel/sched/topology.o
  CC      block/blk-map.o
  CC      fs/ext4/page-io.o
  CC      crypto/crypto_null.o
  CC      fs/ext4/readpage.o
  CC      block/blk-exec.o
  CC      kernel/sched/stop_task.o
  CC      crypto/md5.o
  CC      fs/ext4/resize.o
  CC      kernel/sched/pelt.o
  CC      block/blk-merge.o
  CC      crypto/sha1_generic.o
  CC      fs/ext4/super.o
  CC      kernel/sched/stats.o
  CC      crypto/sha256_generic.o
  CC      block/blk-softirq.o
  CC      kernel/sched/debug.o
  CC      block/blk-timeout.o
  CC      crypto/sha512_generic.o
  CC      kernel/sched/cpuacct.o
  CC      block/blk-lib.o
  CC      crypto/blake2b_generic.o
  CC      fs/ext4/symlink.o
  CC      kernel/sched/cpufreq.o
  CC      block/blk-mq.o
  CC      fs/ext4/sysfs.o
  CC      crypto/gf128mul.o
  CC      fs/ext4/xattr.o
  CC      crypto/ecb.o
  CC      kernel/sched/cpufreq_schedutil.o
  CC      crypto/cbc.o
  CC      fs/ext4/xattr_trusted.o
  CC      block/blk-mq-tag.o
  CC      crypto/cts.o
  CC      kernel/sched/membarrier.o
  CC      fs/ext4/xattr_user.o
  CC      crypto/xts.o
  CC      fs/ext4/acl.o
  CC      kernel/sched/isolation.o
  CC      block/blk-stat.o
  CC      crypto/ctr.o
  CC      fs/ext4/xattr_security.o
  CC      block/blk-mq-sysfs.o
  CC      crypto/adiantum.o
  CC      fs/ext4/verity.o
  CC      kernel/sched/psi.o
  CC      block/blk-mq-cpumap.o
  CC      crypto/nhpoly1305.o
  AR      fs/ext4/built-in.a
  CC      fs/f2fs/dir.o
  CC      kernel/sched/sprd_core_ctl.o
  CC      block/blk-mq-sched.o
  CC      crypto/gcm.o
  CC      fs/f2fs/file.o
  CC      crypto/ccm.o
  CC      kernel/sched/sprd_rotation.o
  CC      block/ioctl.o
  CC      crypto/chacha20poly1305.o
  AR      kernel/sched/built-in.a
  CC      kernel/time/time.o
  CC      crypto/cryptd.o
  CC      block/genhd.o
  CC      fs/f2fs/inode.o
  CC      kernel/time/timer.o
  CC      crypto/des_generic.o
  CC      fs/f2fs/namei.o
  CC      block/partition-generic.o
  CC      crypto/aes_generic.o
  CC      fs/f2fs/hash.o
  CC      crypto/chacha_generic.o
  CC      block/ioprio.o
  CC      kernel/time/hrtimer.o
  CC      crypto/poly1305_generic.o
  CC      fs/f2fs/super.o
  CC      crypto/deflate.o
  CC      block/badblocks.o
  CC      crypto/crc32c_generic.o
  CC      kernel/time/timekeeping.o
  CC      block/partitions/check.o
  CC      crypto/crc32_generic.o
  CC      fs/f2fs/inline.o
  CC      block/partitions/msdos.o
  CC      crypto/authenc.o
  CC      kernel/time/ntp.o
  CC      block/partitions/efi.o
  CC      kernel/time/clocksource.o
  CC      fs/f2fs/checkpoint.o
  AR      block/partitions/built-in.a
  CC      block/blk-rq-qos.o
  CC      kernel/time/jiffies.o
  CC      crypto/authencesn.o
  CC      block/scsi_ioctl.o
  CC      kernel/time/timer_list.o
  CC      crypto/lzo.o
  CC      fs/f2fs/gc.o
  CC      kernel/time/timeconv.o
  CC      crypto/lzo-rle.o
  CC      kernel/time/timecounter.o
  CC      block/bsg.o
  CC      kernel/time/alarmtimer.o
  CC      crypto/lz4.o
  CC      crypto/lz4k.o
  CC      fs/f2fs/data.o
  CC      crypto/lz4kd.o
  CC      kernel/time/posix-timers.o
  CC      block/bsg-lib.o
  CC      crypto/rng.o
  CC      kernel/time/posix-cpu-timers.o
  CC      block/blk-cgroup.o
  CC      fs/f2fs/node.o
  CC      crypto/ansi_cprng.o
  CC      kernel/time/posix-clock.o
  CC      crypto/drbg.o
  CC      kernel/time/itimer.o
  CC      block/blk-throttle.o
  CC      crypto/jitterentropy.o
  CC      crypto/jitterentropy-kcapi.o
  CC      fs/f2fs/segment.o
  CC      kernel/time/clockevents.o
  CC      crypto/ghash-generic.o
  CC      block/blk-ioprio.o
  CC      kernel/time/tick-common.o
  CC      crypto/zstd.o
  CC      block/blk-iolatency.o
  CC      crypto/ecc.o
  CC      kernel/time/tick-broadcast.o
  CC      fs/f2fs/recovery.o
  CC      block/blk-iocost.o
  CC      kernel/time/tick-broadcast-hrtimer.o
  CC      fs/f2fs/shrinker.o
  CC      kernel/time/sched_clock.o
  CC      crypto/essiv.o
  CC      block/mq-deadline.o
  CC      kernel/time/tick-oneshot.o
  CC      fs/f2fs/extent_cache.o
  CC      crypto/ecdh.o
  CC      block/kyber-iosched.o
  CC      kernel/time/tick-sched.o
  CC      crypto/ecdh_helper.o
  CC      fs/f2fs/sysfs.o
  CC      crypto/xor.o
  CC      block/bfq-iosched.o
  CC      kernel/time/vsyscall.o
  CC      fs/f2fs/debug.o
  CC      kernel/time/timekeeping_debug.o
  CC      crypto/asymmetric_keys/asymmetric_type.o
  AR      kernel/time/built-in.a
  CC      fs/f2fs/xattr.o
  CC      crypto/asymmetric_keys/restrict.o
  CC      kernel/trace/trace_clock.o
  CC      block/bfq-wf2q.o
  CC      crypto/asymmetric_keys/signature.o
  CC      kernel/trace/ring_buffer.o
  CC      fs/f2fs/acl.o
  CC      block/bfq-cgroup.o
  CC      crypto/asymmetric_keys/public_key.o
  CC      fs/f2fs/verity.o
  CC      block/compat_ioctl.o
  CC      crypto/asymmetric_keys/x509.asn1.o
  CC      kernel/trace/trace.o
  CC      crypto/asymmetric_keys/x509_akid.asn1.o
  CC      crypto/asymmetric_keys/x509_cert_parser.o
  CC      fs/f2fs/compress.o
  CC      block/blk-mq-pci.o
  CC      crypto/asymmetric_keys/x509_public_key.o
  CC      crypto/asymmetric_keys/pkcs7.asn1.o
  CC      crypto/asymmetric_keys/pkcs7_parser.o
  CC      block/blk-mq-virtio.o
  AR      fs/f2fs/built-in.a
  CC      fs/fat/cache.o
  CC      crypto/asymmetric_keys/pkcs7_trust.o
  CC      fs/fat/dir.o
  CC      kernel/trace/trace_output.o
  CC      crypto/asymmetric_keys/pkcs7_verify.o
  CC      block/blk-mq-debugfs.o
  AR      crypto/asymmetric_keys/built-in.a
  CC      crypto/hash_info.o
  CC      crypto/simd.o
  CC      block/blk-pm.o
  CC      fs/fat/fatent.o
  CC      kernel/trace/trace_seq.o
  CC [M]  crypto/twofish_generic.o
  CC      kernel/trace/trace_stat.o
  CC      block/keyslot-manager.o
  CC [M]  crypto/twofish_common.o
  CC      fs/fat/file.o
  CC      kernel/trace/trace_printk.o
  CC [M]  crypto/arc4.o
  CC      block/blk-crypto.o
  CC      fs/fat/inode.o
  AR      crypto/built-in.a
  CC      drivers/amba/bus.o
  CC      kernel/trace/trace_sched_switch.o
  CC      block/blk-crypto-fallback.o
  CC      kernel/trace/trace_nop.o
  AR      drivers/amba/built-in.a
  CC      drivers/android/binderfs.o
  CC      fs/fat/misc.o
  AR      block/built-in.a
  CC      kernel/trace/blktrace.o
  CC      sound/sound_core.o
  CC      drivers/android/binder.o
  CC      fs/fat/nfs.o
  CC      kernel/trace/trace_events.o
  CC      fs/fat/namei_vfat.o
  CC      fs/fat/namei_msdos.o
  CC      sound/core/sound.o
  AR      fs/fat/built-in.a
  CC      drivers/android/binder_alloc.o
  CC      sound/core/init.o
  CC      kernel/trace/trace_export.o
  CC      fs/fuse/dev.o
  CC      kernel/trace/trace_event_perf.o
  CC      drivers/android/vendor_hooks.o
  CC      sound/core/memory.o
  CC      kernel/trace/trace_events_filter.o
  CC      sound/core/control.o
  CC      fs/fuse/dir.o
  AR      drivers/android/built-in.a
  CC      drivers/base/component.o
  CC      fs/fuse/file.o
  CC      sound/core/misc.o
  CC      kernel/trace/trace_events_trigger.o
  CC      drivers/base/core.o
  CC      sound/core/device.o
  CC      kernel/trace/bpf_trace.o
  CC      sound/core/info.o
  CC      fs/fuse/inode.o
  CC      sound/core/vmaster.o
  CC      drivers/base/bus.o
  CC      fs/fuse/control.o
  CC      kernel/trace/error_report-traces.o
  CC      sound/core/ctljack.o
  CC      fs/fuse/xattr.o
  CC      sound/core/jack.o
  CC      drivers/base/dd.o
  CC      kernel/trace/power-traces.o
  CC      fs/fuse/acl.o
  CC      sound/core/hwdep.o
  CC      drivers/base/syscore.o
  CC      fs/fuse/readdir.o
  CC      kernel/trace/rpm-traces.o
  CC      sound/core/timer.o
  CC      fs/fuse/passthrough.o
  CC      drivers/base/syscore_s2idle.o
  CC      kernel/trace/trace_dynevent.o
  CC      sound/core/hrtimer.o
  CC      fs/fuse/virtio_fs.o
  CC      sound/core/pcm.o
  CC      kernel/trace/trace_probe.o
  CC      drivers/base/driver.o
  AR      fs/fuse/built-in.a
  CC      fs/incfs/data_mgmt.o
  CC      drivers/base/class.o
  CC      kernel/trace/trace_uprobe.o
  CC      sound/core/pcm_native.o
  CC      fs/incfs/format.o
  CC      drivers/base/platform.o
  AR      kernel/trace/built-in.a
  CC      kernel/freezer.o
  CC      fs/incfs/integrity.o
  CC      fs/incfs/main.o
  CC      drivers/base/cpu.o
  CC      fs/incfs/pseudo_files.o
  CC      sound/core/pcm_lib.o
  CC      kernel/profile.o
  CC      drivers/base/firmware.o
  CC      fs/incfs/sysfs.o
  CC      kernel/stacktrace.o
  CC      fs/incfs/vfs.o
  CC      drivers/base/init.o
  CC      sound/core/pcm_misc.o
  CC      drivers/base/map.o
  CC      kernel/futex.o
  CC      drivers/base/devres.o
  CC      sound/core/pcm_memory.o
  CC      fs/incfs/verity.o
  AR      fs/incfs/built-in.a
  CC      drivers/base/attribute_container.o
  CC      fs/iomap/apply.o
  CC      sound/core/memalloc.o
  CC      kernel/smp.o
  CC      drivers/base/transport_class.o
  CC      fs/iomap/buffered-io.o
  CC      drivers/base/topology.o
  CC      sound/core/pcm_timer.o
  CC      kernel/uid16.o
  CC      drivers/base/container.o
  CC      sound/core/pcm_drm_eld.o
  CC      drivers/base/property.o
  CC      fs/iomap/direct-io.o
  CC      kernel/module.o
  CC      sound/core/pcm_iec958.o
  CC      fs/iomap/fiemap.o
  CC      sound/core/pcm_dmaengine.o
  CC      drivers/base/cacheinfo.o
  CC      fs/iomap/seek.o
  CC      drivers/base/devcon.o
  CC      kernel/module_signing.o
  CC      sound/core/rawmidi.o
  CC      kernel/module_signature.o
  CC      kernel/kallsyms.o
  CC      drivers/base/swnode.o
  CC      fs/iomap/swapfile.o
  CC      drivers/base/firmware_loader/fallback_table.o
  CC      sound/core/compress_offload.o
  CC      kernel/compat.o
  CC      drivers/base/firmware_loader/main.o
  AR      fs/iomap/built-in.a
  CC      fs/jbd2/transaction.o
  AR      sound/core/built-in.a
  CC      kernel/utsname.o
  CC      drivers/base/firmware_loader/fallback.o
  CHK     kernel/kheaders_data.tar.xz
  CC      fs/jbd2/commit.o
  AR      drivers/base/firmware_loader/built-in.a
  GEN     kernel/kheaders_data.tar.xz
  CC      fs/jbd2/recovery.o
  CC      drivers/base/power/sysfs.o
  CC      drivers/base/power/generic_ops.o
  CC      fs/jbd2/checkpoint.o
  CC      sound/soc/soc-core.o
  CC      drivers/base/power/common.o
  CC      fs/jbd2/revoke.o
  CC      drivers/base/power/qos.o
  CC      fs/jbd2/journal.o
  CC      sound/soc/soc-dapm.o
  CC      drivers/base/power/runtime.o
  CC      drivers/base/power/wakeirq.o
  AR      fs/jbd2/built-in.a
  CC      fs/kernfs/mount.o
  CC      sound/soc/soc-jack.o
  CC      fs/kernfs/inode.o
  CC      drivers/base/power/main.o
  CC      fs/kernfs/dir.o
  CC      sound/soc/soc-utils.o
  CC      drivers/base/power/wakeup.o
  CC      fs/kernfs/file.o
  CC      sound/soc/soc-dai.o
  CC      fs/kernfs/symlink.o
  CC      sound/soc/soc-component.o
  CC      drivers/base/power/wakeup_stats.o
  AR      fs/kernfs/built-in.a
  CC      fs/nls/nls_base.o
  CC      drivers/base/power/domain.o
  CC      sound/soc/soc-pcm.o
  CC      fs/nls/nls_cp437.o
  CC      fs/nls/nls_cp737.o
  CC      fs/nls/nls_cp775.o
  CC      drivers/base/power/domain_governor.o
  CC      fs/nls/nls_cp850.o
  CC      drivers/base/power/clock_ops.o
  CC      sound/soc/soc-io.o
  CC      fs/nls/nls_cp852.o
  CC      fs/nls/nls_cp855.o
  AR      drivers/base/power/built-in.a
  CC      fs/nls/nls_cp857.o
  CC      drivers/base/regmap/regmap.o
  CC      sound/soc/soc-devres.o
  CC      fs/nls/nls_cp860.o
  CC      fs/nls/nls_cp861.o
  CC      sound/soc/soc-ops.o
  CC      fs/nls/nls_cp862.o
  CC      fs/nls/nls_cp863.o
  CC      drivers/base/regmap/regcache.o
  CC      fs/nls/nls_cp864.o
  CC      sound/soc/soc-topology.o
  CC      fs/nls/nls_cp865.o
  CC      fs/nls/nls_cp866.o
  CC      drivers/base/regmap/regcache-rbtree.o
  CC      fs/nls/nls_cp869.o
  CC      sound/soc/soc-generic-dmaengine-pcm.o
  CC      drivers/base/regmap/regcache-flat.o
  CC      fs/nls/nls_cp874.o
  CC      drivers/base/regmap/regmap-debugfs.o
  CC      fs/nls/nls_cp932.o
  CC      sound/soc/soc-compress.o
  CC      drivers/base/regmap/regmap-i2c.o
  CC      fs/nls/nls_euc-jp.o
  CC      fs/nls/nls_cp936.o
  CC      drivers/base/regmap/regmap-spi.o
  CC      fs/nls/nls_cp949.o
  CC      drivers/base/regmap/regmap-mmio.o
  CC      fs/nls/nls_cp950.o
  AR      sound/soc/built-in.a
  CC      fs/nls/nls_cp1250.o
  CC      drivers/base/regmap/regmap-irq.o
  CC      fs/nls/nls_cp1251.o
  CC      fs/nls/nls_ascii.o
  CC      sound/usb/card.o
  CC      drivers/base/regmap/regmap-hook.o
  CC      fs/nls/nls_iso8859-1.o
  CC      fs/nls/nls_iso8859-2.o
  AR      drivers/base/regmap/built-in.a
  CC      drivers/base/memory.o
  CC      fs/nls/nls_iso8859-3.o
  CC      sound/usb/clock.o
  CC      fs/nls/nls_iso8859-4.o
  CC      drivers/base/module.o
  CC      sound/usb/endpoint.o
  CC      fs/nls/nls_iso8859-5.o
  CC      fs/nls/nls_iso8859-6.o
  CC      drivers/base/hypervisor.o
  CC      sound/usb/format.o
  CC      fs/nls/nls_iso8859-7.o
  CC      drivers/base/soc.o
  CC      fs/nls/nls_cp1255.o
  CC      sound/usb/helper.o
  CC      fs/nls/nls_iso8859-9.o
  CC      drivers/base/pinctrl.o
  CC      sound/usb/mixer.o
  CC      fs/nls/nls_iso8859-13.o
  CC      drivers/base/platform-msi.o
  CC      fs/nls/nls_iso8859-14.o
  CC      fs/nls/nls_iso8859-15.o
  CC      sound/usb/mixer_quirks.o
  CC      drivers/base/arch_topology.o
  CC      fs/nls/nls_koi8-r.o
  CC      fs/nls/nls_koi8-u.o
  CC      sound/usb/mixer_scarlett.o
  CC      fs/nls/nls_koi8-ru.o
  AR      drivers/base/built-in.a
  CC      drivers/block/brd.o
  CC      fs/nls/nls_utf8.o
  CC      sound/usb/mixer_scarlett_gen2.o
  CC      fs/nls/mac-celtic.o
  CC      drivers/block/loop.o
  CC      fs/nls/mac-centeuro.o
  CC      sound/usb/mixer_us16x08.o
  CC      fs/nls/mac-croatian.o
  CC      sound/usb/pcm.o
  CC      fs/nls/mac-cyrillic.o
  CC      fs/nls/mac-gaelic.o
  CC      drivers/block/zram/zcomp.o
  CC      fs/nls/mac-greek.o
  CC      sound/usb/power.o
  CC      fs/nls/mac-iceland.o
  CC      drivers/block/zram/zram_drv.o
  CC      sound/usb/proc.o
  CC      fs/nls/mac-inuit.o
  CC      fs/nls/mac-romanian.o
  CC      sound/usb/quirks.o
  CC [M]  drivers/block/zram/hybridswap/zcomp.o
  CC      fs/nls/mac-roman.o
  CC      sound/usb/stream.o
  CC [M]  drivers/block/zram/hybridswap/zram_drv.o
  CC      fs/nls/mac-turkish.o
  AR      fs/nls/built-in.a
  CC      fs/notify/fsnotify.o
  CC      sound/usb/validate.o
  CC [M]  drivers/block/zram/hybridswap/hybridmain.o
  CC      sound/usb/sprd_offload.o
  CC      fs/notify/notification.o
  CC      sound/usb/media.o
  CC [M]  drivers/block/zram/hybridswap/hybridswapd.o
  CC      fs/notify/group.o
  CC      sound/usb/midi.o
  CC [M]  drivers/block/zram/hybridswap/hybridswap.o
  CC      fs/notify/mark.o
  AR      sound/usb/built-in.a
  CC      sound/last.o
  AR      sound/built-in.a
  CC      fs/notify/fdinfo.o
  CC      net/socket.o
  AR [M]  drivers/block/zram/hybridswap/hyb.o
  AR      drivers/block/zram/built-in.a
  AR      drivers/block/built-in.a
  CC      drivers/bluetooth/hci_ldisc.o
  CC      fs/notify/inotify/inotify_fsnotify.o
  CC      fs/notify/inotify/inotify_user.o
  AR      fs/notify/inotify/built-in.a
  AR      fs/notify/built-in.a
  CC      fs/overlayfs/super.o
  CC      drivers/bluetooth/hci_serdev.o
  CC      net/802/p8022.o
  CC      fs/overlayfs/namei.o
  CC      fs/overlayfs/util.o
  CC      net/802/psnap.o
  CC      drivers/bluetooth/hci_h4.o
  CC      fs/overlayfs/inode.o
  CC      fs/overlayfs/file.o
  CC      net/802/stp.o
  CC      fs/overlayfs/dir.o
  CC      drivers/bluetooth/hci_ll.o
  AR      net/802/built-in.a
  CC      fs/overlayfs/readdir.o
  CC      net/bluetooth/af_bluetooth.o
  CC      drivers/bluetooth/hci_bcm.o
  CC      fs/overlayfs/copy_up.o
  CC      fs/overlayfs/export.o
  CC      drivers/bluetooth/hci_qca.o
  AR      fs/overlayfs/built-in.a
  CC      net/bluetooth/hci_core.o
  CC      fs/proc/task_mmu.o
  CC      drivers/bluetooth/btsdio.o
  CC      fs/proc/inode.o
  CC      drivers/bluetooth/btbcm.o
  CC      fs/proc/root.o
  CC      fs/proc/base.o
  CC      net/bluetooth/hci_conn.o
  CC      drivers/bluetooth/btqca.o
  CC      fs/proc/generic.o
  CC      net/bluetooth/hci_event.o
  CC      fs/proc/array.o
  AR      drivers/bluetooth/built-in.a
  CC      drivers/char/mem.o
  CC      fs/proc/fd.o
  CC      drivers/char/random.o
  CC      net/bluetooth/mgmt.o
  CC      fs/proc/proc_tty.o
  CC      fs/proc/cmdline.o
  CC      drivers/char/misc.o
  CC      fs/proc/consoles.o
  CC      fs/proc/cpuinfo.o
  CC      drivers/char/hw_random/core.o
  CC      net/bluetooth/hci_sock.o
  CC      fs/proc/devices.o
  CC      fs/proc/interrupts.o
  CC      fs/proc/loadavg.o
  AR      drivers/char/hw_random/built-in.a
  CC [M]  drivers/char/rpmb/core.o
  CC      fs/proc/meminfo.o
  CC [M]  drivers/char/rpmb/cdev.o
  CC      net/bluetooth/hci_sysfs.o
  CC      fs/proc/stat.o
  AR [M]  drivers/char/rpmb/rpmb.o
  AR      drivers/char/built-in.a
  CC      fs/proc/uptime.o
  CC      net/bluetooth/l2cap_core.o
  CC      drivers/clk/clk-devres.o
  CC      fs/proc/util.o
  CC      fs/proc/version.o
  CC      drivers/clk/clk-bulk.o
  CC      fs/proc/softirqs.o
  CC      fs/proc/namespaces.o
  CC      drivers/clk/clkdev.o
  CC      fs/proc/self.o
  CC      drivers/clk/clk.o
  CC      fs/proc/thread_self.o
  CC      net/bluetooth/l2cap_sock.o
  CC      fs/proc/proc_sysctl.o
  CC      fs/proc/proc_net.o
  CC      drivers/clk/clk-divider.o
  CC      net/bluetooth/smp.o
  CC      drivers/clk/clk-fixed-factor.o
  CC      fs/proc/kmsg.o
  CC      fs/proc/page.o
  CC      drivers/clk/clk-fixed-rate.o
  CC      net/bluetooth/lib.o
  CC      fs/proc/bootconfig.o
  CC      drivers/clk/clk-gate.o
  AR      fs/proc/built-in.a
  CC      fs/pstore/inode.o
  CC      drivers/clk/clk-multiplier.o
  CC      net/bluetooth/ecdh_helper.o
  CC      fs/pstore/platform.o
  CC      net/bluetooth/hci_request.o
  CC      drivers/clk/clk-mux.o
  CC      fs/pstore/pmsg.o
  CC      drivers/clk/clk-composite.o
  CC      fs/pstore/ram.o
  CC      drivers/clk/clk-fractional-divider.o
  CC      fs/pstore/ram_core.o
  CC      net/bluetooth/mgmt_util.o
  CC      drivers/clk/clk-gpio.o
  AR      fs/pstore/built-in.a
  CC      fs/quota/dquot.o
  CC      drivers/clk/clk-conf.o
  CC      net/bluetooth/sco.o
  CC      drivers/clk/clk-scpi.o
  CC      fs/quota/quota_v2.o
  CC [M]  drivers/clk/sprd/common.o
  CC      net/bluetooth/a2mp.o
  CC      fs/quota/quota_tree.o
  CC [M]  drivers/clk/sprd/gate.o
  CC      fs/quota/quota.o
  CC      net/bluetooth/amp.o
  CC [M]  drivers/clk/sprd/mux.o
  CC [M]  drivers/clk/sprd/div.o
  CC      fs/quota/kqid.o
  CC      net/bluetooth/hci_debugfs.o
  CC [M]  drivers/clk/sprd/composite.o
  AR      fs/quota/built-in.a
  CC      fs/ramfs/inode.o
  CC [M]  drivers/clk/sprd/pll.o
  CC      net/bluetooth/hidp/core.o
  CC      fs/ramfs/file-mmu.o
  AR      fs/ramfs/built-in.a
  CC [M]  drivers/clk/sprd/ums9230-clk.o
  CC      fs/sysfs/file.o
  AR [M]  drivers/clk/sprd/clk-sprd.o
  CC      fs/sysfs/dir.o
  AR      drivers/clk/built-in.a
  CC      net/bluetooth/hidp/sock.o
  CC      drivers/clocksource/timer-of.o
  CC      fs/sysfs/symlink.o
  CC      drivers/clocksource/timer-probe.o
  AR      net/bluetooth/hidp/built-in.a
  CC      net/bluetooth/rfcomm/core.o
  CC      fs/sysfs/mount.o
  CC      drivers/clocksource/timer-sprd.o
  CC      drivers/clocksource/arm_arch_timer.o
  CC      fs/sysfs/group.o
  CC      net/bluetooth/rfcomm/sock.o
  AR      fs/sysfs/built-in.a
  CC      fs/tracefs/inode.o
  CC      drivers/clocksource/dummy_timer.o
  AR      drivers/clocksource/built-in.a
  AR      fs/tracefs/built-in.a
  CC      fs/unicode/utf8-norm.o
  CC      net/bluetooth/rfcomm/tty.o
  CC      drivers/cpufreq/cpufreq.o
  CC      fs/unicode/utf8-core.o
  AR      net/bluetooth/rfcomm/built-in.a
  AR      net/bluetooth/built-in.a
  CC      net/bpf/test_run.o
  AR      fs/unicode/built-in.a
  CC      drivers/cpufreq/freq_table.o
  CC      fs/verity/enable.o
  AR      net/bpf/built-in.a
  CC      drivers/cpufreq/cpufreq_stats.o
  CC      drivers/cpufreq/cpufreq_times.o
  CC      net/bridge/br.o
  CC      fs/verity/hash_algs.o
  CC      drivers/cpufreq/cpufreq_performance.o
  CC      fs/verity/init.o
  CC      drivers/cpufreq/cpufreq_powersave.o
  CC      net/bridge/br_device.o
  CC      fs/verity/measure.o
  CC      drivers/cpufreq/cpufreq_userspace.o
  CC      drivers/cpufreq/cpufreq_interactive.o
  CC      fs/verity/open.o
  CC      fs/verity/read_metadata.o
  CC      net/bridge/br_fdb.o
  CC      drivers/cpufreq/cpufreq_ondemand.o
  CC      fs/verity/verify.o
  CC      drivers/cpufreq/cpufreq_conservative.o
  CC      drivers/cpufreq/cpufreq_governor.o
  CC      net/bridge/br_forward.o
  CC      fs/verity/signature.o
  CC      drivers/cpufreq/cpufreq_governor_attr_set.o
  CC      drivers/cpufreq/scmi-cpufreq.o
  AR      fs/verity/built-in.a
  CC      fs/eventpoll.o
  CC      drivers/cpufreq/scpi-cpufreq.o
  CC      net/bridge/br_if.o
  CC [M]  drivers/cpufreq/sprd-hwdvfs-normal.o
  CC      fs/anon_inodes.o
  CC [M]  drivers/cpufreq/sprd-hwdvfs-ums9230.o
  CC [M]  drivers/cpufreq/sprd-hwdvfs-cpufreq.o
  CC      fs/signalfd.o
  CC      net/bridge/br_input.o
  CC [M]  drivers/cpufreq/sprd-hwdvfs-debugfs.o
  CC      fs/timerfd.o
  CC [M]  drivers/cpufreq/sprd-cpufreq-public.o
  AR      drivers/cpufreq/built-in.a
  CC      fs/eventfd.o
  AR [M]  drivers/cpufreq/sprd-hwdvfs-ums9230-arch.o
  AR [M]  drivers/cpufreq/sprd-hwdvfs-policy.o
  CC      net/bridge/br_ioctl.o
  CC      drivers/cpuidle/cpuidle.o
  CC      fs/userfaultfd.o
  CC      net/bridge/br_stp.o
  CC      drivers/cpuidle/driver.o
  CC      fs/aio.o
  CC      drivers/cpuidle/governor.o
  CC      net/bridge/br_stp_bpdu.o
  CC      drivers/cpuidle/sysfs.o
  CC      drivers/cpuidle/governors/menu.o
  CC      net/bridge/br_stp_if.o
  CC      fs/io_uring.o
  AR      drivers/cpuidle/governors/built-in.a
  CC      drivers/cpuidle/dt_idle_states.o
  CC      drivers/cpuidle/cpuidle-arm.o
  CC      net/bridge/br_stp_timer.o
  CC      drivers/cpuidle/cpuidle-psci.o
  AR      drivers/cpuidle/built-in.a
  CC      net/bridge/br_netlink.o
  CC [M]  drivers/crypto/virtio/virtio_crypto_algs.o
  CC      fs/locks.o
  CC [M]  drivers/crypto/virtio/virtio_crypto_mgr.o
  CC      net/bridge/br_netlink_tunnel.o
  CC [M]  drivers/crypto/virtio/virtio_crypto_core.o
  CC      fs/compat.o
  CC      net/bridge/br_arp_nd_proxy.o
  AR [M]  drivers/crypto/virtio/virtio_crypto.o
  CC      drivers/dax/super.o
  CC      fs/compat_ioctl.o
  CC      net/bridge/br_sysfs_if.o
  CC      drivers/dax/bus.o
  CC      fs/binfmt_misc.o
  AR      drivers/dax/built-in.a
  CC      net/bridge/br_sysfs_br.o
  CC      drivers/devfreq/devfreq.o
  CC      fs/binfmt_script.o
  CC      fs/binfmt_elf.o
  CC      net/bridge/br_multicast.o
  CC      drivers/devfreq/devfreq-event.o
  CC      fs/compat_binfmt_elf.o
  CC      drivers/devfreq/governor_simpleondemand.o
  CC      drivers/devfreq/governor_performance.o
  CC      fs/mbcache.o
  CC      drivers/devfreq/governor_powersave.o
  CC      drivers/devfreq/governor_userspace.o
  CC      fs/posix_acl.o
  CC      net/bridge/br_mdb.o
  CC      drivers/devfreq/governor_passive.o
  CC [M]  drivers/devfreq/apsys/sprd_dvfs_apsys.o
  CC      fs/coredump.o
  CC [M]  drivers/devfreq/apsys/sprd_dvfs_dpu.o
  AR      net/bridge/built-in.a
  CC      net/can/af_can.o
  CC [M]  drivers/devfreq/apsys/sprd_dvfs_vsp.o
  CC      fs/drop_caches.o
  CC [M]  drivers/devfreq/apsys/sprd_dvfs_vdsp.o
  CC      fs/dcookies.o
  CC      net/can/proc.o
  CC [M]  drivers/devfreq/apsys/dpu/dpu_dvfs_sharkl5pro.o
  CC      net/can/raw.o
  CC [M]  drivers/devfreq/apsys/dpu/dpu_dvfs_sharkl5.o
  AR      fs/built-in.a
  CC [M]  drivers/devfreq/apsys/dpu/dpu_dvfs_qogirl6.o
  CC      net/can/bcm.o
  CC      drivers/dma/dmaengine.o
  CC [M]  drivers/devfreq/apsys/dpu/dpu_dvfs_roc1.o
  CC [M]  drivers/devfreq/apsys/sys/apsys_dvfs_qogirl6.o
  CC      net/can/gw.o
  CC      drivers/dma/of-dma.o
  CC [M]  drivers/devfreq/apsys/sys/apsys_dvfs_qogirn6pro.o
  CC [M]  drivers/devfreq/apsys/sys/apsys_dvfs_sharkl5.o
  AR      net/can/built-in.a
  CC [M]  drivers/dma/virt-dma.o
  CC [M]  drivers/devfreq/apsys/sys/apsys_dvfs_sharkl5pro.o
  CC [M]  drivers/devfreq/apsys/sys/apsys_dvfs_roc1.o
  CC [M]  drivers/dma/sprd-dma.o
  CC [M]  drivers/devfreq/apsys/vsp/vsp_dvfs_roc1.o
  CC [M]  drivers/devfreq/apsys/vsp/vsp_dvfs_sharkl5.o
  AR      drivers/dma/built-in.a
  CC      net/core/sock.o
  CC      net/ethernet/eth.o
  CC [M]  drivers/devfreq/apsys/vsp/vsp_dvfs_sharkl5pro.o
  CC [M]  drivers/devfreq/apsys/vdsp/vdsp_dvfs_sharkl5pro.o
  CC [M]  drivers/devfreq/apsys/vdsp/vdsp_dvfs_roc1.o
  AR      net/ethernet/built-in.a
  AR [M]  drivers/devfreq/apsys/apsys-dvfs.o
  CC      kernel/stop_machine.o
  CC [M]  drivers/devfreq/sprd/sprd_ddr_dvfs_core.o
  CC      net/core/request_sock.o
  CC [M]  drivers/devfreq/sprd/sprd_ddr_dvfs_sp.o
  CC      arch/arm64/lib/xor-neon.o
  CC [M]  drivers/devfreq/sprd/sprd_governor_vote.o
  CC      net/core/skbuff.o
  AR [M]  drivers/devfreq/sprd/sprd_ddr_dvfs.o
  CC [M]  drivers/devfreq/sprd-top-dvfs.o
  CC      arch/arm64/lib/delay.o
  CC [M]  drivers/devfreq/sprd_cp_dvfs.o
  AR      arch/arm64/lib/lib.a
  EXPORTS arch/arm64/lib/lib-ksyms.o
  AR      arch/arm64/lib/built-in.a
  AR      drivers/devfreq/built-in.a
  CC      drivers/dma-buf/dma-buf.o
  CC      net/core/datagram.o
  CC      lib/lockref.o
  CC      drivers/dma-buf/dma-fence.o
  CC      lib/bcd.o
  CC      lib/sort.o
  CC      lib/parser.o
  CC      lib/debug_locks.o
  CC      drivers/dma-buf/dma-fence-array.o
  CC      net/core/stream.o
  CC      lib/random32.o
  CC      drivers/dma-buf/dma-fence-chain.o
  CC      lib/bust_spinlocks.o
  CC      drivers/dma-buf/dma-resv.o
  CC      lib/kasprintf.o
  CC      net/core/scm.o
  CC      lib/bitmap.o
  CC      drivers/dma-buf/seqno-fence.o
  CC      lib/scatterlist.o
  CC      drivers/dma-buf/dma-heap.o
  CC      net/core/gen_stats.o
  CC      lib/list_sort.o
  CC      lib/uuid.o
  CC      drivers/dma-buf/sync_file.o
  CC      lib/iov_iter.o
  CC      net/core/gen_estimator.o
  CC      drivers/dma-buf/dma-buf-sysfs-stats.o
  AR      drivers/dma-buf/built-in.a
  CC      drivers/edac/edac_mc.o
  CC      lib/clz_ctz.o
  CC      lib/bsearch.o
  CC      net/core/net_namespace.o
  CC      drivers/edac/edac_device.o
  CC      lib/find_bit.o
  CC      lib/llist.o
  CC      lib/memweight.o
  CC      net/core/secure_seq.o
  CC      drivers/edac/edac_mc_sysfs.o
  CC      lib/kfifo.o
  CC      drivers/edac/edac_module.o
  CC      lib/percpu-refcount.o
  CC      net/core/flow_dissector.o
  CC      lib/rhashtable.o
  CC      drivers/edac/edac_device_sysfs.o
  CC      drivers/edac/wq.o
  CC      lib/once.o
  CC      lib/refcount.o
  CC      drivers/edac/edac_pci.o
  CC      lib/usercopy.o
  CC      net/core/sysctl_net_core.o
  CC      lib/errseq.o
  CC      drivers/edac/edac_pci_sysfs.o
  CC      lib/bucket_locks.o
  CC      lib/generic-radix-tree.o
  AR      drivers/edac/built-in.a
  CC      drivers/extcon/extcon.o
  CC      net/core/dev.o
  CC      drivers/extcon/devres.o
  CC [M]  drivers/extcon/extcon-usb-gpio.o
  CC      lib/memcat_p.o
  CC      lib/string_helpers.o
  AR      drivers/extcon/built-in.a
  CC      drivers/firmware/arm_scpi.o
  CC      lib/hexdump.o
  CC      lib/kstrtox.o
  CC      drivers/firmware/arm_scmi/bus.o
  CC      net/core/ethtool.o
  CC      lib/crypto/chacha.o
  CC      drivers/firmware/arm_scmi/driver.o
  CC      lib/crypto/libchacha.o
  CC      drivers/firmware/arm_scmi/base.o
  CC      drivers/firmware/arm_scmi/clock.o
  CC      lib/crypto/aes.o
  CC      drivers/firmware/arm_scmi/perf.o
  CC      net/core/dev_addr_lists.o
  CC      lib/crypto/arc4.o
  CC      drivers/firmware/arm_scmi/power.o
  CC      drivers/firmware/arm_scmi/reset.o
  CC      lib/crypto/blake2s.o
  CC      drivers/firmware/arm_scmi/sensors.o
  CC      net/core/dst.o
  AR      drivers/firmware/arm_scmi/built-in.a
  CC      lib/crypto/blake2s-generic.o
  CC      drivers/firmware/efi/efi.o
  CC      lib/crypto/chacha20poly1305.o
  CC      drivers/firmware/efi/vars.o
  CC      net/core/netevent.o
  CC      lib/crypto/curve25519-hacl64.o
  CC      drivers/firmware/efi/reboot.o
  CC      net/core/neighbour.o
  CC      drivers/firmware/efi/memattr.o
  CC      drivers/firmware/efi/tpm.o
  CC      drivers/firmware/efi/capsule.o
  CC      net/core/rtnetlink.o
  CC      drivers/firmware/efi/memmap.o
  CC      drivers/firmware/efi/esrt.o
  CC      drivers/firmware/efi/runtime-wrappers.o
  CC      lib/crypto/curve25519-generic.o
  CC      drivers/firmware/efi/libstub/arm-stub.o
  CC      net/core/utils.o
  CC      lib/crypto/curve25519.o
  CC      drivers/firmware/efi/libstub/arm64-stub.o
  CC      lib/crypto/des.o
  CC      drivers/firmware/efi/libstub/efi-stub-helper.o
  CC      net/core/link_watch.o
  CC      lib/crypto/poly1305-donna64.o
  CC      drivers/firmware/efi/libstub/fdt.o
  CC      lib/crypto/poly1305.o
  CC      drivers/firmware/efi/libstub/gop.o
  CC      drivers/firmware/efi/libstub/lib-fdt.o
  CC      lib/crypto/sha256.o
  CC      net/core/filter.o
  CC      drivers/firmware/efi/libstub/lib-fdt_empty_tree.o
  CC      drivers/firmware/efi/libstub/lib-fdt_ro.o
  AR      lib/crypto/built-in.a
  CC      drivers/firmware/efi/libstub/lib-fdt_rw.o
  CC      lib/fonts/fonts.o
  CC      drivers/firmware/efi/libstub/lib-fdt_sw.o
  CC      lib/fonts/font_8x16.o
  CC      drivers/firmware/efi/libstub/lib-fdt_wip.o
  CC      drivers/firmware/efi/libstub/lib-sort.o
  CC      drivers/firmware/efi/libstub/random.o
  AR      lib/fonts/built-in.a
  CC      lib/lz4/lz4_compress.o
  CC      drivers/firmware/efi/libstub/secureboot.o
  CC      lib/lz4/lz4hc_compress.o
  CC      drivers/firmware/efi/libstub/string.o
  CC      net/core/sock_diag.o
  CC      drivers/firmware/efi/libstub/tpm.o
  CC      lib/lz4/lz4_decompress.o
  STUBCPY drivers/firmware/efi/libstub/arm-stub.stub.o
  STUBCPY drivers/firmware/efi/libstub/arm64-stub.stub.o
  STUBCPY drivers/firmware/efi/libstub/efi-stub-helper.stub.o
  STUBCPY drivers/firmware/efi/libstub/fdt.stub.o
  STUBCPY drivers/firmware/efi/libstub/gop.stub.o
  STUBCPY drivers/firmware/efi/libstub/lib-fdt.stub.o
  STUBCPY drivers/firmware/efi/libstub/lib-fdt_empty_tree.stub.o
  STUBCPY drivers/firmware/efi/libstub/lib-fdt_ro.stub.o
  STUBCPY drivers/firmware/efi/libstub/lib-fdt_rw.stub.o
  STUBCPY drivers/firmware/efi/libstub/lib-fdt_sw.stub.o
  STUBCPY drivers/firmware/efi/libstub/lib-fdt_wip.stub.o
  STUBCPY drivers/firmware/efi/libstub/lib-sort.stub.o
  STUBCPY drivers/firmware/efi/libstub/random.stub.o
  STUBCPY drivers/firmware/efi/libstub/secureboot.stub.o
  STUBCPY drivers/firmware/efi/libstub/string.stub.o
  STUBCPY drivers/firmware/efi/libstub/tpm.stub.o
  AR      drivers/firmware/efi/libstub/lib.a
  AR      lib/lz4/built-in.a
  EXPORTS drivers/firmware/efi/libstub/lib-ksyms.o
  AR      drivers/firmware/efi/libstub/built-in.a
  CC      lib/lz4k/lz4k_encode.o
  CC      drivers/firmware/efi/arm-init.o
  CC      net/core/dev_ioctl.o
  CC      drivers/firmware/efi/arm-runtime.o
  CC      lib/lz4k/lz4k_decode.o
  CC      drivers/firmware/efi/earlycon.o
  CC      net/core/tso.o
  AR      lib/lz4k/built-in.a
  CC      lib/lz4kd/lz4kd_encode.o
  AR      drivers/firmware/efi/built-in.a
  CC      drivers/firmware/psci/psci.o
  CC      lib/lz4kd/lz4kd_encode_delta.o
  CC      lib/lz4kd/lz4kd_decode.o
  AR      drivers/firmware/psci/built-in.a
  CC [M]  drivers/firmware/sprd_sip_svc.o
  CC      net/core/sock_reuseport.o
  CC      lib/lz4kd/lz4kd_decode_delta.o
  AR      drivers/firmware/built-in.a
  CC      drivers/gnss/core.o
  AR      lib/lz4kd/built-in.a
  CC      lib/lzo/lzo1x_compress.o
  CC      net/core/fib_notifier.o
  CC      lib/lzo/lzo1x_decompress_safe.o
  AR      drivers/gnss/built-in.a
  CC      drivers/gpio/gpiolib.o
  AR      lib/lzo/built-in.a
  CC      lib/math/div64.o
  CC      lib/math/gcd.o
  CC      net/core/xdp.o
  CC      lib/math/lcm.o
  CC      lib/math/int_pow.o
  CC      lib/math/int_sqrt.o
  CC      lib/math/reciprocal_div.o
  CC      drivers/gpio/gpiolib-devres.o
  CC      lib/math/rational.o
  AR      lib/math/built-in.a
  CC      lib/mpi/generic_mpih-lshift.o
  CC      net/core/flow_offload.o
  CC      drivers/gpio/gpiolib-legacy.o
  CC      lib/mpi/generic_mpih-mul1.o
  CC      lib/mpi/generic_mpih-mul2.o
  CC      drivers/gpio/gpiolib-devprop.o
  CC      net/core/net-sysfs.o
  CC      lib/mpi/generic_mpih-mul3.o
  CC      drivers/gpio/gpiolib-of.o
  CC      lib/mpi/generic_mpih-rshift.o
  CC      lib/mpi/generic_mpih-sub1.o
  CC      drivers/gpio/gpiolib-sysfs.o
  CC      lib/mpi/generic_mpih-add1.o
  CC      net/core/net-procfs.o
  CC      lib/mpi/mpicoder.o
  CC      drivers/gpio/gpio-pl061.o
  CC      net/core/fib_rules.o
  CC [M]  drivers/gpio/gpio-eic-sprd.o
  CC      lib/mpi/mpi-bit.o
  CC [M]  drivers/gpio/gpio-pmic-eic-sprd.o
  CC      lib/mpi/mpi-cmp.o
  CC [M]  drivers/gpio/gpio-sprd.o
  CC      net/core/net-traces.o
  AR      drivers/gpio/built-in.a
  CC      lib/mpi/mpih-cmp.o
  CC      lib/mpi/mpih-div.o
  CC      drivers/gpu/drm/drm_crtc_helper.o
  CC      lib/mpi/mpih-mul.o
  CC      lib/mpi/mpi-pow.o
  CC      drivers/gpu/drm/drm_dp_helper.o
  CC      net/core/dst_cache.o
  CC      lib/mpi/mpiutil.o
  CC      drivers/gpu/drm/drm_dsc.o
  AR      lib/mpi/built-in.a
  CC      lib/reed_solomon/reed_solomon.o
  CC      drivers/gpu/drm/drm_probe_helper.o
  CC      net/core/gro_cells.o
  AR      lib/reed_solomon/built-in.a
  CC      lib/xz/xz_dec_syms.o
  CC      drivers/gpu/drm/drm_plane_helper.o
  CC      net/core/bpf_sk_storage.o
  CC      lib/xz/xz_dec_stream.o
  CC      lib/xz/xz_dec_lzma2.o
  CC      drivers/gpu/drm/drm_dp_mst_topology.o
  CC      lib/xz/xz_dec_bcj.o
  AR      net/core/built-in.a
  AR      lib/xz/built-in.a
  CC      lib/zlib_deflate/deflate.o
  CC [M]  net/ims_bridge/imsbr_main.o
  CC      lib/zlib_deflate/deftree.o
  CC      lib/zlib_deflate/deflate_syms.o
  CC      drivers/gpu/drm/drm_atomic_helper.o
  CC [M]  net/ims_bridge/imsbr_hooks.o
  AR      lib/zlib_deflate/built-in.a
  CC      lib/zlib_inflate/inffast.o
  CC      lib/zlib_inflate/inflate.o
  CC      lib/zlib_inflate/infutil.o
  CC [M]  net/ims_bridge/imsbr_sipc.o
  CC      lib/zlib_inflate/inftrees.o
  CC      drivers/gpu/drm/drm_kms_helper_common.o
  CC      lib/zlib_inflate/inflate_syms.o
  CC      drivers/gpu/drm/drm_dp_dual_mode_helper.o
  AR      lib/zlib_inflate/built-in.a
  CC      lib/zstd/fse_compress.o
  CC [M]  net/ims_bridge/imsbr_packet.o
  CC      lib/zstd/huf_compress.o
  CC      drivers/gpu/drm/drm_simple_kms_helper.o
  CC      lib/zstd/compress.o
  CC [M]  net/ims_bridge/imsbr_core.o
  CC      drivers/gpu/drm/drm_modeset_helper.o
  CC      drivers/gpu/drm/drm_scdc_helper.o
  CC [M]  net/ims_bridge/imsbr_netlink.o
  CC      drivers/gpu/drm/drm_gem_framebuffer_helper.o
  CC [M]  net/ims_bridge/imsbr_test.o
  CC      lib/zstd/entropy_common.o
  CC      lib/zstd/fse_decompress.o
  CC      drivers/gpu/drm/drm_atomic_state_helper.o
  CC      lib/zstd/zstd_common.o
  CC [M]  net/ims_bridge/imsbr_transit.o
  CC      lib/zstd/huf_decompress.o
  CC      lib/zstd/decompress.o
  CC      drivers/gpu/drm/drm_damage_helper.o
  AR [M]  net/ims_bridge/ims_bridge.o
  AR [M]  net/ims_bridge/ims_bridge_t.o
  AR      lib/zstd/built-in.a
  CC      lib/pci_iomap.o
  CC      drivers/gpu/drm/drm_format_helper.o
  CC      lib/iomap_copy.o
  CC      drivers/gpu/drm/drm_self_refresh_helper.o
  CC      net/ipv4/route.o
  CC      lib/devres.o
  CC      drivers/gpu/drm/bridge/panel.o
  CC      lib/logic_pio.o
  CC      drivers/gpu/drm/drm_fb_cma_helper.o
  CC      lib/hweight.o
  CC      lib/interval_tree.o
  CC      net/ipv4/inetpeer.o
  CC      drivers/gpu/drm/drm_auth.o
  CC      lib/assoc_array.o
  CC      lib/list_debug.o
  CC      drivers/gpu/drm/drm_cache.o
  CC      lib/bitrev.o
  CC      lib/crc-ccitt.o
  CC      net/ipv4/protocol.o
  CC      lib/crc16.o
  CC      drivers/gpu/drm/drm_file.o
  CC      lib/crc32.o
  CC      drivers/gpu/drm/drm_gem.o
  CC      net/ipv4/ip_input.o
  CC      lib/libcrc32c.o
  CC      net/ipv4/ip_fragment.o
  CC      lib/crc8.o
  CC      drivers/gpu/drm/drm_ioctl.o
  CC      lib/xxhash.o
  CC      lib/genalloc.o
  CC      drivers/gpu/drm/drm_irq.o
  CC      net/ipv4/ip_forward.o
  CC      lib/textsearch.o
  CC      drivers/gpu/drm/drm_memory.o
  CC      lib/ts_kmp.o
  CC      net/ipv4/ip_options.o
  CC      lib/ts_bm.o
  CC      drivers/gpu/drm/drm_drv.o
  CC      lib/ts_fsm.o
  CC      lib/percpu_counter.o
  CC      drivers/gpu/drm/drm_pci.o
  CC      net/ipv4/ip_output.o
  CC      lib/audit.o
  CC      lib/compat_audit.o
  CC      drivers/gpu/drm/drm_sysfs.o
  CC      lib/syscall.o
  CC      lib/dynamic_debug.o
  CC      drivers/gpu/drm/drm_hashtab.o
  CC      net/ipv4/ip_sockglue.o
  CC      drivers/gpu/drm/drm_mm.o
  CC      lib/nlattr.o
  CC      drivers/gpu/drm/drm_crtc.o
  CC      net/ipv4/inet_hashtables.o
  CC      lib/checksum.o
  CC      drivers/gpu/drm/drm_fourcc.o
  CC      lib/cpu_rmap.o
  CC      drivers/gpu/drm/drm_modes.o
  CC      lib/dynamic_queue_limits.o
  CC      net/ipv4/inet_timewait_sock.o
  CC      lib/glob.o
  CC      drivers/gpu/drm/drm_edid.o
  CC      lib/strncpy_from_user.o
  CC      lib/strnlen_user.o
  CC      net/ipv4/inet_connection_sock.o
  CC      lib/net_utils.o
  CC      drivers/gpu/drm/drm_encoder_slave.o
  CC      lib/sg_pool.o
  CC      drivers/gpu/drm/drm_trace_points.o
  CC      net/ipv4/tcp.o
  CC      lib/asn1_decoder.o
  CC      drivers/gpu/drm/drm_prime.o
  CC      lib/oid_registry.o
  CC      drivers/gpu/drm/drm_rect.o
  CC      lib/ucs2_string.o
  CC      drivers/gpu/drm/drm_vma_manager.o
  CC      lib/sbitmap.o
  CC      net/ipv4/tcp_input.o
  CC      drivers/gpu/drm/drm_flip_work.o
  CC      lib/argv_split.o
  CC      lib/bootconfig.o
  CC      drivers/gpu/drm/drm_modeset_lock.o
  CC      lib/bug.o
  CC      lib/clz_tab.o
  CC      lib/cmdline.o
  CC      drivers/gpu/drm/drm_atomic.o
  CC      lib/cpumask.o
  CC      net/ipv4/tcp_output.o
  CC      lib/ctype.o
  CC      lib/dec_and_lock.o
  CC      drivers/gpu/drm/drm_bridge.o
  CC      lib/decompress.o
  CC      lib/decompress_inflate.o
  CC      lib/decompress_unlz4.o
  CC      drivers/gpu/drm/drm_framebuffer.o
  CC      lib/dump_stack.o
  CC      net/ipv4/tcp_timer.o
  CC      drivers/gpu/drm/drm_connector.o
  CC      lib/earlycpio.o
  CC      lib/extable.o
  CC      lib/fdt.o
  CC      lib/fdt_empty_tree.o
  CC      lib/fdt_ro.o
  CC      drivers/gpu/drm/drm_blend.o
  CC      lib/fdt_rw.o
  CC      net/ipv4/tcp_ipv4.o
  CC      lib/fdt_strerror.o
  CC      lib/fdt_sw.o
  CC      lib/fdt_wip.o
  CC      drivers/gpu/drm/drm_encoder.o
  CC      lib/flex_proportions.o
  CC      lib/idr.o
  CC      drivers/gpu/drm/drm_mode_object.o
  CC      lib/ioremap.o
  CC      net/ipv4/tcp_minisocks.o
  CC      lib/irq_regs.o
  CC      lib/is_single_threaded.o
  CC      drivers/gpu/drm/drm_property.o
  CC      lib/klist.o
  CC      lib/kobject.o
  CC      drivers/gpu/drm/drm_plane.o
  CC      net/ipv4/tcp_cong.o
  CC      lib/kobject_uevent.o
  CC      drivers/gpu/drm/drm_color_mgmt.o
  CC      net/ipv4/tcp_metrics.o
  CC      lib/memneq.o
  CC      drivers/gpu/drm/drm_print.o
  CC      lib/nmi_backtrace.o
  CC      net/ipv4/tcp_fastopen.o
  CC      drivers/gpu/drm/drm_dumb_buffers.o
  CC      lib/nodemask.o
  CC      drivers/gpu/drm/drm_mode_config.o
  CC      lib/plist.o
  CC      lib/radix-tree.o
  CC      drivers/gpu/drm/drm_vblank.o
  CC      net/ipv4/tcp_rate.o
  CC      lib/ratelimit.o
  CC      lib/rbtree.o
  CC      drivers/gpu/drm/drm_syncobj.o
  CC      lib/seq_buf.o
  CC      net/ipv4/tcp_recovery.o
  CC      lib/sha1.o
  CC      lib/show_mem.o
  CC      drivers/gpu/drm/drm_lease.o
  CC      net/ipv4/tcp_ulp.o
  CC      lib/siphash.o
  CC      drivers/gpu/drm/drm_writeback.o
  CC      lib/string.o
  CC      lib/timerqueue.o
  CC      drivers/gpu/drm/drm_client.o
  CC      net/ipv4/tcp_offload.o
  CC      lib/vsprintf.o
  CC      drivers/gpu/drm/drm_client_modeset.o
  CC      net/ipv4/datagram.o
  CC      lib/win_minmax.o
  CC      drivers/gpu/drm/drm_atomic_uapi.o
  CC      lib/xarray.o
  CC      net/ipv4/raw.o
  CC      drivers/gpu/drm/drm_hdcp.o
  AR      lib/lib.a
  EXPORTS lib/lib-ksyms.o
  AR      lib/built-in.a
  CC      drivers/gpu/drm/drm_ioc32.o
  CC      kernel/audit.o
  CC      net/ipv4/udp.o
  CC      drivers/gpu/drm/drm_gem_cma_helper.o
  CC      drivers/gpu/drm/drm_panel.o
  CC      drivers/hid/hid-core.o
  CC      drivers/gpu/drm/drm_of.o
  CC      net/ipv4/udplite.o
  CC      drivers/gpu/drm/drm_debugfs.o
  CC      drivers/hid/hid-input.o
  CC      net/ipv4/udp_offload.o
  CC      drivers/gpu/drm/drm_debugfs_crc.o
  CC      drivers/hid/hid-quirks.o
  CC      drivers/gpu/drm/drm_mipi_dsi.o
  CC      drivers/hid/hid-debug.o
  CC      net/ipv4/arp.o
  CC      drivers/gpu/drm/drm_panel_orientation_quirks.o
  CC      drivers/hid/hidraw.o
  CC      drivers/hid/uhid.o
  CC      net/ipv4/icmp.o
  CC [M]  drivers/gpu/drm/sprd/sprd_drm.o
  CC      drivers/hid/hid-generic.o
  CC [M]  drivers/gpu/drm/sprd/sprd_gem.o
  CC      drivers/hid/hid-apple.o
  CC [M]  drivers/gpu/drm/sprd/sprd_crtc.o
  CC      drivers/hid/hid-elecom.o
  CC      net/ipv4/devinet.o
  CC      drivers/hid/hid-lg.o
  CC [M]  drivers/gpu/drm/sprd/sprd_plane.o
  CC      drivers/hid/hid-lgff.o
  CC [M]  drivers/gpu/drm/sprd/disp_lib.o
  CC      drivers/hid/hid-lg2ff.o
  CC [M]  drivers/gpu/drm/sprd/oppo_display_private_api.o
  CC      net/ipv4/af_inet.o
  CC      drivers/hid/hid-lg3ff.o
  CC      drivers/hid/hid-lg4ff.o
  CC [M]  drivers/gpu/drm/sprd/sprd_drm_notifier.o
  CC [M]  drivers/gpu/drm/sprd/sprd_dpu.o
  CC      drivers/hid/hid-logitech-dj.o
  CC [M]  drivers/gpu/drm/sprd/sprd_bl.o
  CC      drivers/hid/hid-logitech-hidpp.o
  CC      net/ipv4/igmp.o
  CC [M]  drivers/gpu/drm/sprd/sprd_corner.o
  CC      drivers/hid/hid-magicmouse.o
  CC [M]  drivers/gpu/drm/sprd/dpu/dpu_lite_r1p0.o
  CC      drivers/hid/hid-microsoft.o
  CC      drivers/hid/hid-multitouch.o
  CC [M]  drivers/gpu/drm/sprd/dpu/dpu_lite_r2p0.o
  CC      net/ipv4/fib_frontend.o
  CC      drivers/hid/hid-nintendo.o
  CC [M]  drivers/gpu/drm/sprd/dpu/dpu_r2p0.o
  CC      drivers/hid/hid-prodikeys.o
  CC [M]  drivers/gpu/drm/sprd/dpu/dpu_r4p0.o
  CC      drivers/hid/hid-picolcd_core.o
  CC      net/ipv4/fib_semantics.o
  CC      drivers/hid/hid-picolcd_debugfs.o
  CC [M]  drivers/gpu/drm/sprd/dpu/dpu_r5p0.o
  CC      drivers/hid/hid-plantronics.o
  CC [M]  drivers/gpu/drm/sprd/dpu/dpu_r6p0.o
  CC      drivers/hid/hid-playstation.o
  CC      net/ipv4/fib_trie.o
  CC      drivers/hid/hid-roccat.o
  CC [M]  drivers/gpu/drm/sprd/sprd_dsi.o
  CC      drivers/hid/hid-roccat-common.o
  CC [M]  drivers/gpu/drm/sprd/sprd_dphy.o
  CC [M]  drivers/gpu/drm/sprd/sprd_dsi_panel.o
  CC      drivers/hid/hid-roccat-arvo.o
  CC      net/ipv4/fib_notifier.o
  CC      drivers/hid/hid-roccat-isku.o
  CC      drivers/hid/hid-roccat-kone.o
  CC [M]  drivers/gpu/drm/sprd/dsi/sprd_dsi_api.o
  CC      net/ipv4/inet_fragment.o
  CC      drivers/hid/hid-roccat-koneplus.o
  CC [M]  drivers/gpu/drm/sprd/dsi/core/dsi_ctrl_r1p0.o
  CC      drivers/hid/hid-roccat-konepure.o
  CC [M]  drivers/gpu/drm/sprd/dsi/core/dsi_ctrl_r1p0_ppi.o
  CC      drivers/hid/hid-roccat-kovaplus.o
  CC      net/ipv4/ping.o
  CC [M]  drivers/gpu/drm/sprd/dphy/sprd_dphy_api.o
  CC      drivers/hid/hid-roccat-lua.o
  CC      drivers/hid/hid-roccat-pyra.o
  CC [M]  drivers/gpu/drm/sprd/dphy/pll/megacores_sharkle.o
  CC      drivers/hid/hid-roccat-ryos.o
  CC [M]  drivers/gpu/drm/sprd/dphy/pll/megacores_sharkl5.o
  CC [M]  drivers/gpu/drm/sprd/pike2/global_dpu.o
  CC      drivers/hid/hid-roccat-savu.o
  CC      net/ipv4/ip_tunnel_core.o
  CC      drivers/hid/hid-sony.o
  CC [M]  drivers/gpu/drm/sprd/pike2/global_dsi.o
  CC      drivers/hid/hid-steam.o
  CC [M]  drivers/gpu/drm/sprd/pike2/global_dphy.o
  CC      net/ipv4/gre_offload.o
  CC      drivers/hid/hid-uclogic-core.o
  CC [M]  drivers/gpu/drm/sprd/sharkl5/global_dispc.o
  CC      drivers/hid/hid-uclogic-rdesc.o
  CC [M]  drivers/gpu/drm/sprd/sharkl5/global_dsi.o
  CC      net/ipv4/metrics.o
  CC      drivers/hid/hid-uclogic-params.o
  CC [M]  drivers/gpu/drm/sprd/sharkl5/global_dphy.o
  CC      drivers/hid/wacom_wac.o
  CC [M]  drivers/gpu/drm/sprd/sharkle/global_dpu.o
  CC      net/ipv4/netlink.o
  CC [M]  drivers/gpu/drm/sprd/sharkle/global_dsi.o
  CC      drivers/hid/wacom_sys.o
  CC [M]  drivers/gpu/drm/sprd/sharkle/global_dphy.o
  CC [M]  drivers/gpu/drm/sprd/sharkl3/global_dispc.o
  CC      drivers/hid/hid-wiimote-core.o
  CC      net/ipv4/nexthop.o
  CC [M]  drivers/gpu/drm/sprd/sharkl3/global_dsi.o
  CC      drivers/hid/hid-wiimote-modules.o
  CC [M]  drivers/gpu/drm/sprd/sharkl3/global_dphy.o
  CC      drivers/hid/hid-wiimote-debug.o
  CC [M]  drivers/gpu/drm/sprd/sharkl5pro/global_dpu.o
  CC      drivers/hid/usbhid/hid-core.o
  CC      net/ipv4/ip_tunnel.o
  CC [M]  drivers/gpu/drm/sprd/sharkl5pro/global_dsi.o
  CC [M]  drivers/gpu/drm/sprd/sharkl5pro/global_dphy.o
  CC      drivers/hid/usbhid/hiddev.o
  CC [M]  drivers/gpu/drm/sprd/qogirl6/global_dpu.o
  CC      net/ipv4/sysctl_net_ipv4.o
  CC [M]  drivers/gpu/drm/sprd/qogirl6/global_dsi.o
  AR      drivers/hid/usbhid/built-in.a
  AR      drivers/hid/built-in.a
  CC      virt/lib/irqbypass.o
  CC [M]  drivers/gpu/drm/sprd/qogirl6/global_dphy.o
  AR      virt/lib/built-in.a
  AR      virt/built-in.a
  CC      net/ipv4/proc.o
  CC      net/ipv4/fib_rules.o
  CC [M]  drivers/gpu/drm/sprd/qogirn6pro/global_dpu.o
  CC [M]  drivers/gpu/drm/sprd/qogirn6pro/global_dsi.o
  CC      drivers/gpu/trace/trace_gpu_mem.o
  CC [M]  drivers/gpu/drm/sprd/qogirn6pro/global_dphy.o
  CC      net/ipv4/ipip.o
  CC [M]  drivers/gpu/drm/sprd/sysfs/sysfs_class.o
  AR      drivers/gpu/trace/built-in.a
  CC [M]  drivers/gpu/drm/sprd/sysfs/sysfs_dpu.o
  CC      net/ipv6/af_inet6.o
  CC      net/ipv4/gre_demux.o
  CC [M]  drivers/gpu/drm/sprd/sysfs/sysfs_dphy.o
  CC [M]  drivers/gpu/drm/sprd/sysfs/sysfs_dsi.o
  CC      net/ipv6/anycast.o
  CC      net/ipv4/ip_gre.o
  CC [M]  drivers/gpu/drm/sprd/sysfs/sysfs_panel.o
  CC      net/ipv6/ip6_output.o
  CC      net/ipv4/udp_tunnel.o
  CC [M]  drivers/gpu/drm/sprd/sprd_ioc32.o
  CC [M]  drivers/gpu/drm/sprd/disp_trusty.o
  CC [M]  drivers/gpu/drm/sprd/gsp/gsp_ipc_trusty.o
  CC      net/ipv4/ip_vti.o
  CC      net/ipv6/ip6_input.o
  CC [M]  drivers/gpu/drm/sprd/gsp/gsp_r6p0/gsp_r6p0_core.o
  CC [M]  drivers/gpu/drm/sprd/gsp/gsp_r6p0/gsp_r6p0_coef_cal.o
  CC      net/ipv4/esp4.o
  CC [M]  drivers/gpu/drm/sprd/gsp/gsp_lite_r2p0/gsp_lite_r2p0_core.o
  CC      net/ipv6/addrconf.o
  CC [M]  drivers/gpu/drm/sprd/gsp/gsp_lite_r2p0/gsp_lite_r2p0_coef_cal.o
  CC      net/ipv4/tunnel4.o
  CC [M]  drivers/gpu/drm/sprd/gsp/gsp_lite_r3p0/gsp_lite_r3p0_core.o
  CC [M]  drivers/gpu/drm/sprd/gsp/gsp_lite_r3p0/gsp_lite_r3p0_coef_cal.o
  CC      net/ipv4/ipconfig.o
  CC [M]  drivers/gpu/drm/sprd/gsp/gsp_r8p0/gsp_r8p0_core.o
  CC      net/ipv6/addrlabel.o
  CC [M]  drivers/gpu/drm/sprd/gsp/gsp_r8p0/gsp_r8p0_coef_cal.o
  CC      net/ipv6/route.o
  CC      net/ipv4/netfilter.o
  CC [M]  drivers/gpu/drm/sprd/gsp/gsp_r9p0/gsp_r9p0_core.o
  CC [M]  drivers/gpu/drm/sprd/gsp/gsp_r9p0/gsp_r9p0_coef_cal.o
  CC [M]  drivers/gpu/drm/sprd/gsp/gsp_interface/gsp_interface_sharkl3.o
  CC      net/ipv4/netfilter/nf_defrag_ipv4.o
  CC [M]  drivers/gpu/drm/sprd/gsp/gsp_interface/gsp_interface_sharkle.o
  CC [M]  drivers/gpu/drm/sprd/gsp/gsp_interface/gsp_interface_pike2.o
  CC      net/ipv6/ip6_fib.o
  CC [M]  drivers/gpu/drm/sprd/gsp/gsp_interface/gsp_interface_sharkl5.o
  CC      net/ipv4/netfilter/nf_socket_ipv4.o
  CC [M]  drivers/gpu/drm/sprd/gsp/gsp_interface/gsp_interface_sharkl5pro.o
  CC [M]  drivers/gpu/drm/sprd/gsp/gsp_interface/gsp_interface_qogirl6.o
  CC [M]  drivers/gpu/drm/sprd/gsp/gsp_interface/gsp_interface_qogirn6pro.o
  CC      net/ipv4/netfilter/nf_tproxy_ipv4.o
  CC      net/ipv6/ipv6_sockglue.o
  CC [M]  drivers/gpu/drm/sprd/gsp/gsp_core.o
  CC [M]  drivers/gpu/drm/sprd/gsp/gsp_dev.o
  CC      net/ipv4/netfilter/nf_reject_ipv4.o
  CC      net/ipv6/ndisc.o
  CC [M]  drivers/gpu/drm/sprd/gsp/gsp_interface.o
  CC [M]  drivers/gpu/drm/sprd/gsp/gsp_kcfg.o
  CC      net/ipv4/netfilter/nf_nat_h323.o
  CC [M]  drivers/gpu/drm/sprd/gsp/gsp_layer.o
  CC      net/ipv6/udp.o
  CC      net/ipv4/netfilter/nf_nat_pptp.o
  CC [M]  drivers/gpu/drm/sprd/gsp/gsp_sync.o
  CC [M]  drivers/gpu/drm/sprd/gsp/gsp_sysfs.o
  CC      net/ipv4/netfilter/ip_tables.o
  CC [M]  drivers/gpu/drm/sprd/gsp/gsp_workqueue.o
  CC      net/ipv6/udplite.o
  AR [M]  drivers/gpu/drm/sprd/gsp/sprd-gsp.o
  AR [M]  drivers/gpu/drm/sprd/sprd-drm.o
  CC      drivers/gpu/drm/ttm/ttm_memory.o
  CC      net/ipv6/raw.o
  CC      net/ipv4/netfilter/iptable_filter.o
  CC      net/ipv4/netfilter/iptable_mangle.o
  CC      drivers/gpu/drm/ttm/ttm_tt.o
  CC      net/ipv4/netfilter/iptable_nat.o
  CC      net/ipv6/icmp.o
  CC      drivers/gpu/drm/ttm/ttm_bo.o
  CC      net/ipv4/netfilter/iptable_raw.o
  CC      drivers/gpu/drm/ttm/ttm_bo_util.o
  CC      net/ipv6/mcast.o
  CC      net/ipv4/netfilter/iptable_security.o
  CC      drivers/gpu/drm/ttm/ttm_bo_vm.o
  CC      net/ipv4/netfilter/ipt_REJECT.o
  CC      drivers/gpu/drm/ttm/ttm_module.o
  CC      drivers/gpu/drm/ttm/ttm_execbuf_util.o
  CC      net/ipv4/netfilter/arp_tables.o
  CC      net/ipv6/reassembly.o
  CC      drivers/gpu/drm/ttm/ttm_page_alloc.o
  CC      net/ipv6/tcp_ipv6.o
  CC      net/ipv4/netfilter/arpt_mangle.o
  CC      drivers/gpu/drm/ttm/ttm_bo_manager.o
  CC      net/ipv6/ping.o
  CC      net/ipv4/netfilter/arptable_filter.o
  CC      drivers/gpu/drm/ttm/ttm_page_alloc_dma.o
  CC      net/ipv4/netfilter/nf_dup_ipv4.o
  AR      drivers/gpu/drm/ttm/built-in.a
  AR      drivers/gpu/drm/built-in.a
  CC      net/ipv6/exthdrs.o
  AR      drivers/gpu/built-in.a
  CC      drivers/hwspinlock/hwspinlock_core.o
  AR      net/ipv4/netfilter/built-in.a
  CC      net/ipv4/inet_diag.o
  CC [M]  drivers/hwspinlock/sprd_hwspinlock.o
  CC      net/ipv6/datagram.o
  AR      drivers/hwspinlock/built-in.a
  CC      drivers/hwtracing/coresight/coresight.o
  CC      net/ipv4/tcp_diag.o
  CC      drivers/hwtracing/coresight/coresight-etm-perf.o
  CC      net/ipv6/ip6_flowlabel.o
  CC      drivers/hwtracing/coresight/coresight-platform.o
  CC      net/ipv4/udp_diag.o
  CC      drivers/hwtracing/coresight/coresight-tmc.o
  CC      net/ipv4/tcp_bbr.o
  CC      net/ipv6/inet6_connection_sock.o
  CC      drivers/hwtracing/coresight/coresight-tmc-etf.o
  CC      net/ipv4/tcp_bbrplus.o
  CC      drivers/hwtracing/coresight/coresight-tmc-etr.o
  CC      net/ipv6/udp_offload.o
  CC      drivers/hwtracing/coresight/coresight-funnel.o
  CC      net/ipv4/tcp_cubic.o
  CC      net/ipv6/seg6.o
  CC      drivers/hwtracing/coresight/coresight-replicator.o
  CC      net/ipv4/tcp_westwood.o
  CC      drivers/hwtracing/coresight/coresight-etm4x.o
  CC      net/ipv6/fib6_notifier.o
  CC      drivers/hwtracing/coresight/coresight-etm4x-sysfs.o
  CC      net/ipv4/xfrm4_policy.o
  CC      net/ipv6/sysctl_net_ipv6.o
  CC      drivers/hwtracing/coresight/coresight-apetb-ctrl.o
  CC      net/ipv4/xfrm4_state.o
  CC      net/ipv6/xfrm6_policy.o
  CC      drivers/hwtracing/coresight/coresight-apetb-main.o
  CC      drivers/hwtracing/coresight/coresight-stm.o
  CC      net/ipv4/xfrm4_input.o
  CC      net/ipv6/xfrm6_state.o
  AR      drivers/hwtracing/coresight/built-in.a
  CC      drivers/hwtracing/stm/core.o
  CC      net/ipv6/xfrm6_input.o
  CC      net/ipv4/xfrm4_output.o
  CC      drivers/hwtracing/stm/policy.o
  CC      net/ipv4/xfrm4_protocol.o
  AR      drivers/hwtracing/stm/built-in.a
  CC      drivers/i2c/i2c-boardinfo.o
  CC      net/ipv6/xfrm6_output.o
  CC      drivers/i2c/i2c-core-base.o
  AR      net/ipv4/built-in.a
  CC      kernel/auditfilter.o
  CC      net/ipv6/xfrm6_protocol.o
  CC      drivers/i2c/i2c-core-smbus.o
  CC      net/ipv6/netfilter.o
  CC      drivers/i2c/i2c-core-of.o
  CC      drivers/iio/industrialio-core.o
  CC      drivers/i2c/algos/i2c-algo-bit.o
  CC      drivers/iio/industrialio-event.o
  CC      net/ipv6/fib6_rules.o
  AR      drivers/i2c/algos/built-in.a
  CC [M]  drivers/i2c/busses/i2c-sprd.o
  CC      drivers/iio/inkern.o
  CC [M]  drivers/i2c/busses/i2c-sprd-hw-v2.o
  CC      net/ipv6/proc.o
  AR      drivers/i2c/built-in.a
  CC      drivers/iio/industrialio-buffer.o
  CC      net/key/af_key.o
  CC      net/ipv6/esp6.o
  CC      drivers/iio/industrialio-trigger.o
  AR      net/key/built-in.a
  CC      kernel/auditsc.o
  CC [M]  drivers/iio/adc/sc27xx_adc.o
  CC [M]  drivers/iio/buffer/kfifo_buf.o
  CC      net/ipv6/ipcomp6.o
  CC      kernel/audit_watch.o
  CC      net/ipv6/xfrm6_tunnel.o
  CC      kernel/audit_fsnotify.o
  CC [M]  drivers/iio/sprd_hub/shub_core.o
  CC      net/l2tp/l2tp_core.o
  CC      net/ipv6/tunnel6.o
  CC [M]  drivers/iio/sprd_hub/shub_protocol.o
  CC [M]  drivers/iio/sprd_hub/shub_comm.o
  AR [M]  drivers/iio/sprd_hub/sensorhub.o
  AR      drivers/iio/built-in.a
  CC      net/l2tp/l2tp_ppp.o
  CC      drivers/input/input.o
  CC      net/ipv6/mip6.o
  AR      net/l2tp/built-in.a
  CC      drivers/input/serio/serio.o
  CC      net/ipv6/netfilter/ip6_tables.o
  CC      drivers/input/input-compat.o
  CC      drivers/input/serio/serport.o
  CC      drivers/input/input-mt.o
  CC      drivers/input/serio/libps2.o
  CC      drivers/input/input-poller.o
  AR      drivers/input/serio/built-in.a
  CC      drivers/interconnect/core.o
  CC      net/ipv6/netfilter/ip6table_filter.o
  CC      drivers/input/ff-core.o
  CC      net/ipv6/netfilter/ip6table_mangle.o
  AR      drivers/interconnect/built-in.a
  CC      drivers/input/ff-memless.o
  CC      net/llc/llc_core.o
  CC      net/ipv6/netfilter/ip6table_raw.o
  CC      drivers/input/input-leds.o
  CC      net/llc/llc_input.o
  CC      drivers/input/evdev.o
  CC      net/ipv6/netfilter/nf_defrag_ipv6_hooks.o
  CC [M]  drivers/input/fingerprint/focaltech/ff_ctl.o
  CC      net/llc/llc_output.o
  CC [M]  drivers/input/fingerprint/focaltech/plat-ums9230.o
  CC      net/ipv6/netfilter/nf_conntrack_reasm.o
  AR [M]  drivers/input/fingerprint/focaltech/focaltech_fp.o
  AR      net/llc/built-in.a
  CC [M]  drivers/input/fingerprint/fpsensor_tee/fpsensor_spi.o
  CC      kernel/audit_tree.o
  CC [M]  drivers/input/fingerprint/jiiov/jiiov_netlink.o
  AR [M]  drivers/input/fingerprint/fpsensor_tee/fpsensor_fp.o
  CC      drivers/input/joystick/xpad.o
  CC      net/ipv6/netfilter/nf_socket_ipv6.o
  AR      drivers/input/joystick/built-in.a
  CC      kernel/hung_task.o
  CC [M]  drivers/input/fingerprint/jiiov/jiiov_platform.o
  CC      drivers/iommu/iommu.o
  AR [M]  drivers/input/fingerprint/jiiov/jiiov.o
  CC [M]  drivers/input/fingerprint/nico_fp_common/nico_fp_common.o
  CC      net/ipv6/netfilter/nf_tproxy_ipv6.o
  CC [M]  drivers/input/fingerprint/oplus_fp_common/oplus_fp_common.o
  CC      drivers/iommu/iommu-traces.o
  CC [M]  drivers/input/fingerprint/silead/silead_fp.o
  CC      net/ipv6/netfilter/nf_reject_ipv6.o
  CC      drivers/iommu/iommu-sysfs.o
  CC      drivers/iommu/dma-iommu.o
  CC      net/ipv6/netfilter/nf_dup_ipv6.o
  CC      drivers/input/keyboard/atkbd.o
  CC      drivers/iommu/io-pgtable.o
  CC      drivers/input/keyboard/gpio_keys.o
  CC      drivers/iommu/io-pgtable-arm-v7s.o
  CC      net/ipv6/netfilter/ip6t_rpfilter.o
  AR      drivers/input/keyboard/built-in.a
  CC [M]  drivers/input/lcd_bias/lcd_bias_adjust.o
  CC      drivers/iommu/io-pgtable-arm.o
  CC      drivers/input/misc/uinput.o
  CC      net/ipv6/netfilter/ip6t_REJECT.o
  CC      drivers/iommu/iova.o
  CC [M]  drivers/input/misc/sc27xx-vibra.o
  AR      net/ipv6/netfilter/built-in.a
  CC      net/ipv6/ip6_vti.o
  AR      drivers/input/misc/built-in.a
  CC      drivers/input/touchscreen/of_touchscreen.o
  CC      drivers/iommu/of_iommu.o
  CC      drivers/input/touchscreen/tp_pannel_notifier.o
  CC      net/ipv6/sit.o
  AR      drivers/iommu/built-in.a
  CC [M]  drivers/input/touchscreen/ICNL9911/cts_charger_detect.o
  CC      net/mac80211/main.o
  CC [M]  drivers/input/touchscreen/ICNL9911/cts_core.o
  CC      net/ipv6/ip6_tunnel.o
  CC [M]  drivers/input/touchscreen/ICNL9911/cts_earjack_detect.o
  CC [M]  drivers/input/touchscreen/ICNL9911/cts_firmware.o
  CC      net/mac80211/status.o
  CC      net/ipv6/ip6_gre.o
  CC [M]  drivers/input/touchscreen/ICNL9911/cts_i2c_driver.o
  CC      net/ipv6/addrconf_core.o
  CC [M]  drivers/input/touchscreen/ICNL9911/cts_oem_huaqin.o
  CC      net/mac80211/driver-ops.o
  CC [M]  drivers/input/touchscreen/ICNL9911/cts_platform.o
  CC      net/ipv6/exthdrs_core.o
  CC [M]  drivers/input/touchscreen/ICNL9911/cts_sfctrlv2.o
  CC      net/mac80211/sta_info.o
  CC      net/ipv6/ip6_checksum.o
  CC [M]  drivers/input/touchscreen/ICNL9911/cts_spi_flash.o
  CC [M]  drivers/input/touchscreen/ICNL9911/cts_strerror.o
  CC [M]  drivers/input/touchscreen/ICNL9911/cts_sysfs.o
  CC      net/ipv6/ip6_icmp.o
  CC [M]  drivers/input/touchscreen/ICNL9911/cts_test.o
  CC      net/mac80211/wep.o
  CC      net/ipv6/output_core.o
  CC      net/mac80211/aead_api.o
  CC [M]  drivers/input/touchscreen/ICNL9911/cts_tool.o
  CC      net/mac80211/wpa.o
  CC [M]  drivers/input/touchscreen/ICNL9911/cts_proc.o
  CC      net/ipv6/protocol.o
  CC      net/mac80211/scan.o
  AR [M]  drivers/input/touchscreen/ICNL9911/sprd-cts.o
  CC [M]  drivers/input/touchscreen/chipone-tddi/cts_driver.o
  CC      net/ipv6/ip6_offload.o
  CC [M]  drivers/input/touchscreen/chipone-tddi/cts_i2c_driver.o
  CC      net/ipv6/tcpv6_offload.o
  CC [M]  drivers/input/touchscreen/chipone-tddi/cts_spi_driver.o
  CC      net/mac80211/offchannel.o
  CC [M]  drivers/input/touchscreen/chipone-tddi/cts_core.o
  CC      net/ipv6/exthdrs_offload.o
  CC [M]  drivers/input/touchscreen/chipone-tddi/cts_sfctrlv2.o
  CC      net/ipv6/inet6_hashtables.o
  CC [M]  drivers/input/touchscreen/chipone-tddi/cts_spi_flash.o
  CC      net/mac80211/ht.o
  CC [M]  drivers/input/touchscreen/chipone-tddi/cts_firmware.o
  CC      net/ipv6/ip6_udp_tunnel.o
  CC [M]  drivers/input/touchscreen/chipone-tddi/cts_test.o
  CC      net/mac80211/agg-tx.o
  CC      net/ipv6/mcast_snoop.o
  CC [M]  drivers/input/touchscreen/chipone-tddi/cts_strerror.o
  CC [M]  drivers/input/touchscreen/chipone-tddi/cts_charger_detect.o
  CC [M]  drivers/input/touchscreen/chipone-tddi/cts_earjack_detect.o
  AR      net/ipv6/built-in.a
  CC      net/mac80211/agg-rx.o
  CC      net/mac80211/vht.o
  CC [M]  drivers/input/touchscreen/chipone-tddi/cts_platform.o
  CC [M]  drivers/input/touchscreen/chipone-tddi/cts_tool.o
  CC [M]  drivers/input/touchscreen/chipone-tddi/cts_sysfs.o
  CC      kernel/watchdog.o
  CC      net/mac80211/he.o
  CC      kernel/seccomp.o
  CC      net/mac80211/ibss.o
  CC [M]  drivers/input/touchscreen/chipone-tddi/cts_ioctl.o
  CC [M]  drivers/input/touchscreen/chipone-tddi/cts_cdev.o
  CC      net/mac80211/iface.o
  CC [M]  drivers/input/touchscreen/chipone-tddi/cts_oem.o
  CC      drivers/irqchip/irqchip.o
  CC      drivers/irqchip/irq-gic.o
  CC      net/mac80211/rate.o
  AR [M]  drivers/input/touchscreen/chipone-tddi/chipone-tddi.o
  CC [M]  drivers/input/touchscreen/focaltech_touch/focaltech_core.o
  CC      drivers/irqchip/irq-gic-common.o
  CC      drivers/irqchip/irq-gic-v2m.o
  CC [M]  drivers/input/touchscreen/focaltech_touch/focaltech_ex_fun.o
  CC      drivers/irqchip/irq-gic-v3.o
  CC [M]  drivers/input/touchscreen/focaltech_touch/focaltech_ex_mode.o
  CC      drivers/irqchip/irq-gic-v3-mbi.o
  CC      net/mac80211/michael.o
  CC [M]  drivers/input/touchscreen/focaltech_touch/focaltech_gesture.o
  CC      drivers/irqchip/irq-gic-v3-its.o
  CC      net/mac80211/tkip.o
  CC [M]  drivers/input/touchscreen/focaltech_touch/focaltech_esdcheck.o
  CC [M]  drivers/input/touchscreen/focaltech_touch/focaltech_point_report_check.o
  CC      drivers/irqchip/irq-gic-v3-its-platform-msi.o
  CC [M]  drivers/input/touchscreen/focaltech_touch/focaltech_flash.o
  CC      drivers/irqchip/irq-gic-v4.o
  CC      drivers/irqchip/irq-gic-v3-its-pci-msi.o
  CC      net/mac80211/aes_cmac.o
  CC      drivers/irqchip/irq-partition-percpu.o
  CC [M]  drivers/input/touchscreen/focaltech_touch/focaltech_spi_v2.o
  CC      net/mac80211/aes_gmac.o
  AR      drivers/irqchip/built-in.a
  CC [M]  drivers/input/touchscreen/focaltech_touch/focaltech_spi.o
  CC      net/netfilter/core.o
  CC      net/mac80211/fils_aead.o
  CC [M]  drivers/input/touchscreen/focaltech_touch/focaltech_test.o
  CC      net/mac80211/cfg.o
  CC [M]  drivers/input/touchscreen/focaltech_touch/focaltech_test_ini.o
  CC      net/netfilter/nf_log.o
  CC [M]  drivers/input/touchscreen/focaltech_touch/focaltech_test_ft8006s_ab.o
  CC      net/netfilter/nf_queue.o
  CC [M]  drivers/input/touchscreen/focaltech_touch/focaltech_test_ft8722.o
  CC      net/mac80211/ethtool.o
  CC [M]  drivers/input/touchscreen/focaltech_touch/focaltech_test_ft8615.o
  AR [M]  drivers/input/touchscreen/focaltech_touch/sprd-focaltech.o
  CC [M]  drivers/input/touchscreen/hxchipset/himax_debug.o
  CC      net/netfilter/nf_sockopt.o
  CC      net/mac80211/rx.o
  CC [M]  drivers/input/touchscreen/hxchipset/himax_inspection.o
  CC      net/netfilter/utils.o
  CC [M]  drivers/input/touchscreen/hxchipset/himax_ic_incell_core.o
  CC      net/netfilter/nfnetlink.o
  CC      net/mac80211/spectmgmt.o
  CC      net/mac80211/tx.o
  CC      net/netfilter/nfnetlink_queue.o
  CC [M]  drivers/input/touchscreen/hxchipset/himax_ic_HX83102.o
  CC      net/netfilter/nfnetlink_log.o
  CC [M]  drivers/input/touchscreen/hxchipset/himax_ic_HX83112.o
  CC      net/netfilter/nf_conntrack_core.o
  CC [M]  drivers/input/touchscreen/hxchipset/himax_common.o
  CC      net/mac80211/key.o
  CC      net/netfilter/nf_conntrack_standalone.o
  CC [M]  drivers/input/touchscreen/hxchipset/himax_platform.o
  CC      net/mac80211/util.o
  AR [M]  drivers/input/touchscreen/hxchipset/himax_mmi.o
  CC      net/netfilter/nf_conntrack_expect.o
  CC [M]  drivers/input/touchscreen/ili9882q/ilitek_v3.o
  CC      net/netfilter/nf_conntrack_helper.o
  CC      net/mac80211/wme.o
  CC [M]  drivers/input/touchscreen/ili9882q/ilitek_v3_spi.o
  CC      net/mac80211/chan.o
  CC [M]  drivers/input/touchscreen/ili9882q/ilitek_v3_qcom.o
  CC      net/netfilter/nf_conntrack_proto.o
  CC [M]  drivers/input/touchscreen/ili9882q/ilitek_v3_ic.o
  CC      net/netfilter/nf_conntrack_proto_generic.o
  CC      net/mac80211/trace.o
  CC [M]  drivers/input/touchscreen/ili9882q/ilitek_v3_touch.o
  CC      net/netfilter/nf_conntrack_proto_tcp.o
  CC [M]  drivers/input/touchscreen/ili9882q/ilitek_v3_mp.o
  CC      net/netfilter/nf_conntrack_proto_udp.o
  CC      net/mac80211/mlme.o
  CC      net/netfilter/nf_conntrack_proto_icmp.o
  CC [M]  drivers/input/touchscreen/ili9882q/ilitek_v3_hostdl.o
  CC      net/netfilter/nf_conntrack_extend.o
  CC [M]  drivers/input/touchscreen/ili9882q/ilitek_v3_node.o
  CC      net/netfilter/nf_conntrack_acct.o
  CC [M]  drivers/input/touchscreen/ili9882q/ilitek_oppo_node.o
  CC      net/mac80211/tdls.o
  CC      net/netfilter/nf_conntrack_seqadj.o
  CC [M]  drivers/input/touchscreen/ili9882q/touch.o
  CC [M]  drivers/input/touchscreen/ili9882q/tp_usb_notifier.o
  CC      net/netfilter/nf_conntrack_proto_icmpv6.o
  AR [M]  drivers/input/touchscreen/ili9882q/ilitek.o
  CC [M]  drivers/input/touchscreen/nt36xxx/touch.o
  CC      net/mac80211/ocb.o
  CC [M]  drivers/input/touchscreen/nt36xxx/nt36xxx.o
  CC      net/netfilter/nf_conntrack_ecache.o
  CC      net/mac80211/pm.o
  CC [M]  drivers/input/touchscreen/nt36xxx/nt36xxx_fw_update.o
  CC      net/netfilter/nf_conntrack_proto_dccp.o
  CC [M]  drivers/input/touchscreen/nt36xxx/nt36xxx_ext_proc.o
  CC      net/netfilter/nf_conntrack_proto_sctp.o
  CC [M]  drivers/input/touchscreen/nt36xxx/nt36xxx_mp_ctrlram.o
  CC      net/mac80211/rc80211_minstrel.o
  CC      net/netfilter/nf_conntrack_proto_gre.o
  AR [M]  drivers/input/touchscreen/nt36xxx/sprd-nt36xxx.o
  AR      drivers/input/touchscreen/built-in.a
  AR      drivers/input/built-in.a
  CC      net/mac80211/rc80211_minstrel_ht.o
-- ReSukiSU version code: 34956
-- ReSukiSU version name: v4.1.0-ebdffba4@ReSukiSU
-- Supported Unofficial Manager: MKSU, RKSU, KOWSU, SukiSU-Ultra, ReSukiSU 
-- KERNEL_VERSION: 5.4
-- KERNEL_TYPE: GKI 1.0
-- ReSukiSU: using Manual Hook
-- ReSukiSU/manual_hook: You are using LSM hooks for setuid hooks.
-- ReSukiSU/manual_hook: You are using LSM hooks for init rc hooks.
-- ReSukiSU/manual_hook: You are using input_handler for input hooks.
-- ReSukiSU/manual_hook: ksu_handle_execveat found
-- ReSukiSU/manual_hook: ksu_handle_faccessat found
-- ReSukiSU/manual_hook: ksu_handle_stat found
-- ReSukiSU/manual_hook: ksu_handle_newfstat_ret found
-- ReSukiSU/manual_hook: ksu_handle_fstat64_ret found
-- ReSukiSU/manual_hook: ksu_handle_sys_reboot found
-- ReSukiSU/compat: current_sid found
-- ReSukiSU/compat: selinux_state found
-- ReSukiSU/compat: kernel_read found
-- ReSukiSU/compat: kernel_write found
-- ReSukiSU/compat: path_umount found
-- ReSukiSU/compat: selinux_inode found
  CC      net/netfilter/nf_conntrack_netlink.o
-- ReSukiSU/compat: selinux_cred found
-- ReSukiSU/compat: seccomp_filter_count found
-- ReSukiSU/compat: put_seccomp_filter found
-- ReSukiSU/compat: security_inode_init_security_anon found
-- ReSukiSU/compat: anon_inode_getfd_secure found
-- ReSukiSU/compat: file_inode() found
-- ReSukiSU/compat: ns_get_path found
-- ReSukiSU/compat: modern dentry_open found
-- ReSukiSU/compat: ext4_unregister_sysfs found
-- ReSukiSU/compat: f_op->read_iter found
-- ReSukiSU/compat: iterate_dir found
-- ReSukiSU/compat: modern static_key_interface found
-- ReSukiSU/compat: d_inode found
-- ReSukiSU/compat: inode_lock found
-- ReSukiSU/compat: modern errno file found
-- ReSukiSU/compat: overflow.h found
-- ReSukiSU/compat: modern proc ns header file found
-- ReSukiSU/compat: android spec POLICYDB_CONFIG_ANDROID_NETLINK_ROUTE found!!
-- ReSukiSU/compat: android spec POLICYDB_CONFIG_ANDROID_NETLINK_GETNEIGH found!!
-- ReSukiSU/compat: found modern selinux policydb
-- ReSukiSU/compat: found sidtab as reference
-- ReSukiSU/compat: found hlist in security_hook_list
-- ReSukiSU/compat: found new setprocattr prototype
-- ReSukiSU/compat: found required provide lsm name
  AR      net/mac80211/built-in.a
  CC      net/netlink/af_netlink.o
  CC      drivers/kernelsu/core/init.o
  CC      net/netfilter/nf_conntrack_amanda.o
  CC      drivers/kernelsu/policy/allowlist.o
  CC      net/netfilter/nf_conntrack_ftp.o
  CC      net/netlink/genetlink.o
  CC      drivers/kernelsu/policy/app_profile.o
  CC      drivers/kernelsu/policy/feature.o
  CC      net/netfilter/nf_conntrack_h323_main.o
  CC      drivers/kernelsu/feature/sucompat.o
  AR      net/netlink/built-in.a
  CC      net/packet/af_packet.o
  CC      drivers/kernelsu/feature/kernel_umount.o
  CC      drivers/kernelsu/feature/sulog.o
  CC      net/netfilter/nf_conntrack_h323_asn1.o
  CC      net/netfilter/nf_conntrack_irc.o
  CC      drivers/kernelsu/feature/adb_root.o
  AR      net/packet/built-in.a
  CC      kernel/utsname_sysctl.o
  CC      drivers/leds/led-core.o
  CC      drivers/kernelsu/feature/selinux_hide.o
  CC      drivers/leds/led-class.o
  CC      net/netfilter/nf_conntrack_broadcast.o
  CC      drivers/leds/led-class-flash.o
  CC      drivers/kernelsu/hook/setuid_hook.o
  CC      drivers/leds/led-triggers.o
  CC      drivers/kernelsu/feature/dynamic_manager.o
  CC      net/netfilter/nf_conntrack_netbios_ns.o
  CC      drivers/leds/trigger/ledtrig-timer.o
  CC [M]  drivers/leds/trigger/ledtrig-pattern.o
  CC      drivers/kernelsu/manager/apk_sign.o
  CC      net/netfilter/nf_conntrack_pptp.o
  AR      drivers/leds/trigger/built-in.a
  CC [M]  drivers/leds/leds-sc27xx-bltc.o
  AR      drivers/leds/built-in.a
  CC      net/rfkill/core.o
  CC      drivers/kernelsu/manager/throne_tracker.o
  CC      net/netfilter/nf_conntrack_sane.o
  AR      net/rfkill/built-in.a
  CC      net/sched/sch_generic.o
  CC      drivers/kernelsu/manager/manager.o
  CC      net/netfilter/nf_conntrack_tftp.o
  CC      drivers/kernelsu/compat/kernel_compat.o
  CC      net/sched/sch_mq.o
  CC      drivers/kernelsu/infra/su_mount_ns.o
  CC      net/netfilter/nf_nat_core.o
  CC      net/sched/sch_api.o
  CC      drivers/kernelsu/infra/seccomp_cache.o
  CC      drivers/kernelsu/infra/file_wrapper.o
  CC      net/netfilter/nf_nat_proto.o
  CC      drivers/kernelsu/infra/event_queue.o
  CC      net/sched/sch_blackhole.o
  CC      drivers/kernelsu/runtime/boot_event.o
  CC      net/sched/cls_api.o
  CC      drivers/kernelsu/runtime/ksud_integration.o
  CC      net/netfilter/nf_nat_helper.o
  CC      drivers/kernelsu/selinux/selinux.o
  CC      net/netfilter/nf_nat_redirect.o
  CC      drivers/kernelsu/selinux/sepolicy.o
  CC      net/sched/act_api.o
  CC      net/netfilter/nf_nat_masquerade.o
  CC      drivers/kernelsu/selinux/rules.o
  CC      drivers/kernelsu/sulog/event.o
  CC      net/sched/act_police.o
  CC      net/netfilter/nf_nat_amanda.o
  CC      net/sched/act_gact.o
  CC      drivers/kernelsu/sulog/fd.o
  CC      drivers/kernelsu/supercall/dispatch.o
  CC      net/netfilter/nf_nat_ftp.o
  CC      net/sched/act_mirred.o
  CC      net/netfilter/nf_nat_irc.o
  CC      drivers/kernelsu/supercall/perm.o
  CC      net/sched/sch_fifo.o
  CC      net/netfilter/nf_nat_tftp.o
  CC      drivers/kernelsu/supercall/supercall.o
  CC      net/sched/sch_htb.o
  CC      net/netfilter/nf_conncount.o
  CC      drivers/kernelsu/compat/apatch_conflict.o
  CC      drivers/kernelsu/hook/arm64/patch_memory.o
  CC      net/sched/sch_ingress.o
  CC      drivers/kernelsu/infra/symbol_resolver.o
  CC      net/sched/sch_tbf.o
  CC      net/netfilter/x_tables.o
  CC      drivers/kernelsu/hook/lsm_hooks.o
  CC      net/sched/cls_u32.o
  AR      drivers/kernelsu/built-in.a
  CC      drivers/mailbox/mailbox.o
  CC      net/sched/cls_fw.o
  AR      drivers/mailbox/built-in.a
  CC      net/netfilter/xt_tcpudp.o
  CC      drivers/md/dm-uevent.o
  CC      net/sched/cls_basic.o
  CC      net/netfilter/xt_mark.o
  CC      drivers/md/dm.o
  CC      net/sched/cls_bpf.o
  CC      net/netfilter/xt_connmark.o
  CC      net/sched/cls_matchall.o
  CC      net/netfilter/xt_nat.o
  CC      drivers/md/dm-table.o
  CC      net/sched/ematch.o
  CC      net/netfilter/xt_CLASSIFY.o
  CC      drivers/md/dm-target.o
  CC      net/netfilter/xt_CONNSECMARK.o
  CC      net/sched/em_u32.o
  AR      net/sched/built-in.a
  CC      kernel/taskstats.o
  CC      drivers/md/dm-linear.o
  CC      net/netfilter/xt_CT.o
  CC      drivers/md/dm-stripe.o
  CC      drivers/media/cec/cec-core.o
  CC      net/netfilter/xt_NETMAP.o
  CC      drivers/md/dm-ioctl.o
  CC      drivers/media/cec/cec-adap.o
  CC      net/netfilter/xt_NFLOG.o
  CC      drivers/md/dm-io.o
  CC      net/netfilter/xt_NFQUEUE.o
  CC      drivers/media/cec/cec-api.o
  CC      drivers/md/dm-kcopyd.o
  CC      drivers/media/cec/cec-notifier.o
  CC      net/netfilter/xt_REDIRECT.o
  CC      drivers/media/cec/cec-pin.o
  CC      drivers/md/dm-sysfs.o
  CC      net/netfilter/xt_MASQUERADE.o
  AR      drivers/media/cec/built-in.a
  CC      drivers/md/dm-stats.o
  CC      net/netfilter/xt_SECMARK.o
  CC      drivers/media/common/videobuf2/videobuf2-core.o
  CC      net/netfilter/xt_TPROXY.o
  CC      drivers/md/dm-rq.o
  CC      drivers/media/common/videobuf2/vb2-trace.o
  CC      net/netfilter/xt_TCPMSS.o
  CC      drivers/md/dm-builtin.o
  CC      drivers/media/common/videobuf2/videobuf2-v4l2.o
  CC      net/netfilter/xt_TEE.o
  CC      drivers/md/dm-bufio.o
  CC      drivers/media/common/videobuf2/videobuf2-memops.o
  CC      net/netfilter/xt_TRACE.o
  CC      drivers/md/dm-crypt.o
  CC      net/netfilter/xt_IDLETIMER.o
  CC      drivers/media/common/videobuf2/videobuf2-vmalloc.o
  CC      net/netfilter/xt_bpf.o
  CC      drivers/media/common/videobuf2/videobuf2-dma-contig.o
  CC      drivers/md/dm-default-key.o
  CC      drivers/md/dm-snap.o
  CC      net/netfilter/xt_comment.o
  AR      drivers/media/common/videobuf2/built-in.a
  AR      drivers/media/common/built-in.a
  CC      drivers/media/mc/mc-device.o
  CC      net/netfilter/xt_connlimit.o
  CC      drivers/md/dm-exception-store.o
  CC      drivers/media/mc/mc-devnode.o
  CC      net/netfilter/xt_conntrack.o
  CC      drivers/media/mc/mc-entity.o
  CC      drivers/md/dm-snap-transient.o
  CC      net/netfilter/xt_ecn.o
  CC      drivers/media/mc/mc-request.o
  CC      drivers/md/dm-snap-persistent.o
  CC      drivers/md/dm-verity-fec.o
  CC      drivers/media/mc/mc-dev-allocator.o
  CC      net/netfilter/xt_hashlimit.o
  CC      drivers/md/dm-verity-target.o
  AR      drivers/media/mc/built-in.a
  CC      net/netfilter/xt_helper.o
  CC      drivers/md/dm-bow.o
  CC [M]  drivers/media/platform/sprd-jpg/sprd_jpg.o
  CC      net/netfilter/xt_hl.o
  CC      drivers/md/dm-user.o
  CC [M]  drivers/media/platform/sprd-jpg/sprd_jpg_common.o
  CC      net/netfilter/xt_iprange.o
  AR      drivers/md/built-in.a
  CC      net/netfilter/xt_l2tp.o
  AR [M]  drivers/media/platform/sprd-jpg/jpg.o
  CC [M]  drivers/media/platform/sprd-vsp/sprd_vsp.o
  CC      kernel/tsacct.o
  CC [M]  drivers/media/platform/sprd-vsp/vsp_common.o
  CC      net/netfilter/xt_length.o
  CC      kernel/tracepoint.o
  CC [M]  drivers/media/platform/sprd-vsp/vsp_isr_func.o
  CC      net/netfilter/xt_limit.o
  CC [M]  net/sprd_net/ip6_addr_obtain.o
  AR [M]  drivers/media/platform/sprd-vsp/vsp.o
  CC      net/netfilter/xt_mac.o
  CC      drivers/media/rc/rc-main.o
  AR [M]  net/sprd_net/sprd_net_helper.o
  CC      drivers/mfd/act8945a.o
  CC      net/netfilter/xt_owner.o
  CC      drivers/mfd/mfd-core.o
  CC      drivers/media/rc/rc-ir-raw.o
  CC      net/netfilter/xt_pkttype.o
  CC      drivers/mfd/syscon.o
  CC      drivers/media/rc/lirc_dev.o
  CC [M]  drivers/mfd/sprd-sc27xx-spi.o
  CC      net/netfilter/xt_policy.o
  CC      drivers/media/rc/keymaps/rc-cec.o
  AR      drivers/mfd/built-in.a
  CC      drivers/media/rc/bpf-lirc.o
  CC [M]  drivers/misc/device_info/device_info.o
  CC      net/netfilter/xt_quota.o
  AR      drivers/media/rc/built-in.a
  CC      net/netfilter/xt_quota2.o
  CC [M]  drivers/misc/hqhardwareinfo/hq_hardware_info.o
  CC      drivers/media/usb/gspca/gspca.o
  CC      net/netfilter/xt_socket.o
  CC      drivers/misc/uid_sys_stats.o
  CC      drivers/media/usb/gspca/autogain_functions.o
  CC      net/netfilter/xt_state.o
  CC [M]  drivers/misc/sprd_uid.o
  CC [M]  drivers/misc/sprd_soc_id.o
  AR      drivers/media/usb/gspca/built-in.a
  CC      net/netfilter/xt_statistic.o
  CC      drivers/media/usb/uvc/uvc_driver.o
  CC [M]  drivers/misc/hardware_info.o
  CC      net/netfilter/xt_string.o
  CC      net/netfilter/xt_time.o
  CC      drivers/media/usb/uvc/uvc_queue.o
  AR      drivers/misc/built-in.a
  AR [M]  drivers/misc/misc_sprd_uid.o
  CC      drivers/mmc/core/core.o
  CC      drivers/media/usb/uvc/uvc_v4l2.o
  CC      net/netfilter/xt_u32.o
  AR      net/netfilter/built-in.a
  CC      drivers/media/usb/uvc/uvc_video.o
  CC      net/tipc/addr.o
  CC      drivers/mmc/core/bus.o
  CC      drivers/media/usb/uvc/uvc_ctrl.o
  CC      net/tipc/bcast.o
  CC      drivers/mmc/core/host.o
  CC      drivers/media/usb/uvc/uvc_status.o
  CC      net/tipc/bearer.o
  CC      drivers/mmc/core/mmc.o
  CC      drivers/media/usb/uvc/uvc_isight.o
  CC      net/tipc/core.o
  CC      drivers/media/usb/uvc/uvc_debugfs.o
  CC      drivers/mmc/core/mmc_ops.o
  CC      drivers/media/usb/uvc/uvc_metadata.o
  CC      net/tipc/link.o
  CC      drivers/mmc/core/sd.o
  CC      drivers/media/usb/uvc/uvc_entity.o
  AR      drivers/media/usb/uvc/built-in.a
  AR      drivers/media/usb/built-in.a
  CC      drivers/mmc/core/sd_ops.o
  CC      drivers/media/v4l2-core/v4l2-dev.o
  CC      net/tipc/discover.o
  CC      drivers/mmc/core/sdio.o
  CC      net/tipc/msg.o
  CC      drivers/media/v4l2-core/v4l2-ioctl.o
  CC      drivers/mmc/core/sdio_ops.o
  CC      net/tipc/name_distr.o
  CC      drivers/mmc/core/sdio_bus.o
  CC      drivers/media/v4l2-core/v4l2-device.o
  CC      net/tipc/subscr.o
  CC      drivers/mmc/core/sdio_cis.o
  CC      net/tipc/monitor.o
  CC      drivers/media/v4l2-core/v4l2-fh.o
  CC      drivers/mmc/core/sdio_io.o
  CC      net/tipc/name_table.o
  CC      drivers/media/v4l2-core/v4l2-event.o
  CC      drivers/mmc/core/sdio_irq.o
  CC      drivers/media/v4l2-core/v4l2-ctrls.o
  CC      net/tipc/net.o
  CC      drivers/mmc/core/slot-gpio.o
  CC      net/tipc/netlink.o
  CC      drivers/media/v4l2-core/v4l2-subdev.o
  CC      drivers/mmc/core/regulator.o
  CC      net/tipc/netlink_compat.o
  CC      drivers/media/v4l2-core/v4l2-clk.o
  CC      drivers/mmc/core/pwrseq.o
  CC      net/tipc/node.o
  CC      drivers/media/v4l2-core/v4l2-async.o
  CC      drivers/mmc/core/debugfs.o
  CC      drivers/mmc/core/crypto.o
  CC      net/tipc/socket.o
  CC      drivers/media/v4l2-core/v4l2-common.o
  CC      drivers/mmc/core/block.o
  CC      drivers/media/v4l2-core/v4l2-compat-ioctl32.o
  CC      drivers/mmc/core/queue.o
  CC      net/tipc/eth_media.o
  AR      drivers/mmc/core/built-in.a
  CC      drivers/media/v4l2-core/v4l2-trace.o
  CC      drivers/mmc/host/sdhci.o
  CC      net/tipc/topsrv.o
  CC      drivers/media/v4l2-core/v4l2-mc.o
  CC      net/tipc/group.o
  CC      drivers/mmc/host/sdhci-pltfm.o
  CC      drivers/media/v4l2-core/v4l2-spi.o
  CC      net/tipc/trace.o
  CC [M]  drivers/mmc/host/sdhci-sprd.o
  CC      drivers/media/v4l2-core/v4l2-i2c.o
  CC      net/tipc/udp_media.o
  CC      drivers/media/v4l2-core/v4l2-dv-timings.o
  CC [M]  drivers/mmc/host/mmc_hsq.o
  CC      net/tipc/sysctl.o
  AR      drivers/media/v4l2-core/built-in.a
  AR      drivers/media/built-in.a
  CC [M]  drivers/mmc/host/mmc_swcq.o
  CC      kernel/irq_work.o
  CC      net/tipc/diag.o
  CC      kernel/cpu_pm.o
  AR      net/tipc/built-in.a
  CC      net/unix/af_unix.o
  AR      drivers/mmc/host/built-in.a
  AR      drivers/mmc/built-in.a
  CC [M]  drivers/nfc/pn557/nq-nci.o
  CC      drivers/net/dummy.o
  CC      drivers/net/can/dev/dev.o
  CC      drivers/net/can/dev/rx-offload.o
  CC      net/unix/garbage.o
  AR      drivers/net/can/dev/built-in.a
  CC      net/unix/sysctl_net_unix.o
  CC      net/vmw_vsock/af_vsock.o
  AR      drivers/net/can/built-in.a
  CC      drivers/net/phy/mdio-boardinfo.o
  CC      net/unix/scm.o
  CC      drivers/net/phy/phy.o
  CC      net/vmw_vsock/af_vsock_tap.o
  AR      net/unix/built-in.a
  CC      kernel/scs.o
  CC      drivers/net/phy/phy-c45.o
  CC      kernel/cfi.o
  CC      net/vmw_vsock/vsock_addr.o
  CC      drivers/net/phy/phy-core.o
  CC      drivers/net/ppp/ppp_generic.o
  CC      net/vmw_vsock/diag.o
  CC      drivers/net/phy/phy_device.o
  CC      net/vmw_vsock/virtio_transport_common.o
  CC      drivers/net/ppp/bsd_comp.o
  CC      drivers/net/phy/mdio_bus.o
  CC      drivers/net/ppp/ppp_deflate.o
  CC      drivers/net/ppp/ppp_mppe.o
  AR      net/vmw_vsock/built-in.a
  CC      drivers/net/ppp/pppox.o
  CC      net/wireless/core.o
  CC      drivers/net/phy/mdio_device.o
  CC      drivers/net/phy/swphy.o
  CC      drivers/net/ppp/pptp.o
  CC      drivers/net/phy/fixed_phy.o
  CC      net/wireless/sysfs.o
  AR      drivers/net/ppp/built-in.a
  CC      net/wireless/radiotap.o
  AR      drivers/net/phy/built-in.a
  CC      drivers/net/slip/slhc.o
  CC      net/wireless/util.o
  CC      drivers/nvdimm/core.o
  CC      drivers/nvdimm/bus.o
  AR      drivers/net/slip/built-in.a
  CC [M]  drivers/net/sprd/seth/seth.o
  CC      drivers/nvdimm/dimm_devs.o
  CC      net/wireless/reg.o
  CC      drivers/net/usb/r8152.o
  CC      drivers/nvdimm/dimm.o
  CC      drivers/nvdimm/region_devs.o
  CC      drivers/net/usb/cdc_ether.o
  CC      drivers/nvdimm/region.o
  CC      net/wireless/scan.o
  CC      drivers/nvdimm/namespace_devs.o
  CC      drivers/net/usb/usbnet.o
  CC      drivers/nvdimm/label.o
  CC      drivers/net/usb/cdc_ncm.o
  CC      net/wireless/nl80211.o
  CC      drivers/nvdimm/badrange.o
  CC      drivers/net/usb/aqc111.o
  CC      drivers/nvdimm/claim.o
  CC [M]  drivers/net/usb/asix_devices.o
  CC      drivers/nvdimm/btt_devs.o
  CC [M]  drivers/net/usb/asix_common.o
  CC      drivers/nvdimm/pmem.o
  CC [M]  drivers/net/usb/ax88172a.o
  CC      drivers/nvdimm/btt.o
  CC [M]  drivers/net/usb/ax88179_178a.o
  CC      net/wireless/mlme.o
  CC      drivers/nvdimm/of_pmem.o
  AR      drivers/net/usb/built-in.a
  AR [M]  drivers/net/usb/asix.o
  CC      drivers/net/wireguard/main.o
  AR      drivers/nvdimm/built-in.a
  CC      net/xdp/xsk.o
  CC      drivers/net/wireguard/noise.o
  CC      net/wireless/ibss.o
  CC      net/xdp/xdp_umem.o
  CC      drivers/net/wireguard/device.o
  CC      drivers/net/wireguard/peer.o
  CC      net/wireless/sme.o
  CC      net/xdp/xsk_queue.o
  CC      drivers/net/wireguard/timers.o
  AR      net/xdp/built-in.a
  CC      net/wireless/chan.o
  CC      drivers/net/wireguard/queueing.o
  CC      kernel/jump_label.o
  CC      drivers/net/wireguard/send.o
  CC      drivers/net/wireguard/receive.o
  CC      net/wireless/ethtool.o
  CC      drivers/net/wireguard/socket.o
  CC      net/xfrm/xfrm_policy.o
  CC      drivers/net/wireguard/peerlookup.o
  CC      net/wireless/mesh.o
  CC      drivers/net/wireguard/allowedips.o
  CC      net/wireless/ap.o
  CC      drivers/net/wireguard/ratelimiter.o
  CC      net/xfrm/xfrm_state.o
  CC      net/wireless/trace.o
  CC      drivers/net/wireguard/cookie.o
  CC      drivers/net/wireguard/netlink.o
  CC      net/xfrm/xfrm_hash.o
  CC      net/xfrm/xfrm_input.o
  AR      drivers/net/wireguard/built-in.a
  CC      drivers/net/ifb.o
  CC      net/wireless/ocb.o
  CC      drivers/net/mii.o
  CC      net/xfrm/xfrm_output.o
  CC      net/wireless/pmsr.o
  CC      drivers/net/Space.o
  CC      drivers/net/loopback.o
  CC      net/xfrm/xfrm_sysctl.o
  CC      net/wireless/of.o
  CC      drivers/net/tun.o
  CC      net/xfrm/xfrm_replay.o
  CC      net/wireless/shipped-certs.o
  CC      net/xfrm/xfrm_device.o
  CC      net/wireless/extra-certs.o
  CC      drivers/net/veth.o
  CC      net/wireless/wext-core.o
  CC      net/xfrm/xfrm_proc.o
  CC      net/xfrm/xfrm_algo.o
  AR      drivers/net/built-in.a
  CC      drivers/nvmem/core.o
  CC      net/wireless/wext-proc.o
  CC      net/wireless/wext-spy.o
  CC      drivers/nvmem/nvmem-sysfs.o
  CC      net/xfrm/xfrm_user.o
  CC [M]  drivers/nvmem/sc27xx-efuse.o
  CC [M]  drivers/nvmem/sprd-efuse.o
  CC      net/wireless/wext-priv.o
  CC [M]  drivers/nvmem/sprd_cache_efuse.o
  AR      net/wireless/built-in.a
  AR      drivers/nvmem/built-in.a
  AR [M]  drivers/nvmem/nvmem-sc27xx-efuse.o
  CC      kernel/iomem.o
  AR [M]  drivers/nvmem/nvmem_sprd_efuse.o
  AR [M]  drivers/nvmem/nvmem_sprd_cache_efuse.o
  CC      drivers/of/base.o
  CC      net/xfrm/xfrm_ipcomp.o
  CC      net/compat.o
  CC      drivers/of/device.o
  CC      drivers/of/platform.o
  CC      net/xfrm/xfrm_interface_core.o
  CC      drivers/opp/core.o
  CC      drivers/of/property.o
  AR      net/xfrm/built-in.a
  CC      net/sysctl_net.o
  CC      drivers/opp/cpu.o
  CC      drivers/of/kobj.o
  CC      drivers/opp/of.o
  CC      drivers/of/fdt.o
  CC      drivers/opp/debugfs.o
  AR      net/built-in.a
  CC      drivers/of/fdt_address.o
  CC      drivers/of/address.o
  AR      drivers/opp/built-in.a
  CC      drivers/of/irq.o
  CC      drivers/of/of_net.o
  CC      drivers/of/of_mdio.o
  CC      drivers/of/of_reserved_mem.o
  CC      drivers/pci/access.o
  CC      kernel/configs.o
  AR      drivers/of/built-in.a
  CC      drivers/pci/bus.o
  CC      drivers/pci/probe.o
  CC      drivers/pci/host-bridge.o
  CC      drivers/pci/remove.o
  CC      drivers/pci/pci.o
  CC      drivers/perf/arm_pmu.o
  CC      drivers/phy/phy-core.o
  CC      drivers/perf/arm_pmu_platform.o
  CC      drivers/pci/pci-driver.o
  AR      drivers/perf/built-in.a
  AR      drivers/phy/built-in.a
  CC      drivers/pinctrl/core.o
  CC      drivers/pci/search.o
  CC      drivers/pinctrl/pinctrl-utils.o
  CC      drivers/pci/pci-sysfs.o
  CC      drivers/pinctrl/pinmux.o
  CC      drivers/pci/rom.o
  CC      drivers/pci/setup-res.o
  CC      drivers/pinctrl/pinconf.o
  CC      drivers/pinctrl/devicetree.o
  CC      drivers/pci/irq.o
  CC      drivers/pinctrl/pinconf-generic.o
  CC      drivers/pinctrl/pinctrl-amd.o
  CC      drivers/pinctrl/pinctrl-single.o
  CC      drivers/pci/vpd.o
  CC [M]  drivers/power/reset/sc27xx-poweroff.o
  CC      drivers/power/supply/power_supply_core.o
  CC      drivers/pci/setup-bus.o
  CC      drivers/pinctrl/qcom/pinctrl-msm.o
  CC      drivers/power/supply/power_supply_sysfs.o
  AR      drivers/pinctrl/qcom/built-in.a
  CC [M]  drivers/pinctrl/sprd/pinctrl-sprd.o
  CC      drivers/power/supply/power_supply_leds.o
  CC      drivers/pci/vc.o
  CC [M]  drivers/power/supply/charger-manager.o
  CC      drivers/pci/mmap.o
  CC [M]  drivers/pinctrl/sprd/pinctrl-sprd-qogirl6.o
  CC      drivers/pci/setup-irq.o
  AR      drivers/pinctrl/built-in.a
  CC [M]  drivers/power/supply/sprd_vote.o
  CC      drivers/pci/proc.o
  CC [M]  drivers/power/supply/sc27xx_fuel_gauge.o
  CC      drivers/pci/slot.o
  CC      drivers/pwm/core.o
  CC      drivers/pci/of.o
  CC      drivers/pwm/sysfs.o
  CC [M]  drivers/power/supply/sprd_battery_info.o
  CC [M]  drivers/pwm/pwm-sprd.o
  CC      drivers/pci/quirks.o
  CC [M]  drivers/power/supply/bq2560x-charger.o
  AR      drivers/pwm/built-in.a
  CC [M]  drivers/power/supply/sc2730_fast_charger.o
  CC [M]  drivers/power/supply/sgm41512_chg.o
  CC [M]  drivers/power/supply/sgm4154x_chg.o
  CC      drivers/pci/controller/pci-host-common.o
  CC [M]  drivers/power/supply/rt9471-charger.o
  CC      drivers/pci/controller/pci-host-generic.o
  CC      drivers/pci/controller/dwc/pcie-designware.o
  CC      drivers/pci/controller/pci-thunder-ecam.o
  AR      drivers/power/supply/built-in.a
  AR      drivers/power/built-in.a
  CC      drivers/pci/controller/pci-thunder-pem.o
  CC      drivers/pci/endpoint/pci-epc-core.o
  CC      drivers/pci/controller/dwc/pcie-designware-host.o
  CC      drivers/pci/controller/pci-xgene.o
  CC      drivers/pci/endpoint/pci-epf-core.o
  CC      drivers/ras/ras.o
  CC      drivers/pci/controller/dwc/pcie-designware-ep.o
  CC      drivers/pci/endpoint/pci-epc-mem.o
  CC      drivers/pci/controller/dwc/pcie-designware-plat.o
  CC      drivers/ras/debugfs.o
  CC      drivers/pci/controller/dwc/pcie-kirin.o
  AR      drivers/ras/built-in.a
  AR      drivers/pci/endpoint/built-in.a
  CC      drivers/pci/controller/dwc/pcie-al.o
  CC      drivers/regulator/core.o
  CC      drivers/remoteproc/remoteproc_core.o
  CC      drivers/pci/controller/dwc/pcie-hisi.o
  AR      drivers/pci/controller/dwc/built-in.a
  AR      drivers/pci/controller/built-in.a
  CC      drivers/pci/pcie/portdrv_core.o
  CC      drivers/remoteproc/remoteproc_debugfs.o
  CC      drivers/regulator/dummy.o
  CC      drivers/remoteproc/remoteproc_sysfs.o
  CC      drivers/pci/pcie/portdrv_pci.o
  CC      drivers/regulator/fixed-helper.o
  CC      drivers/remoteproc/remoteproc_virtio.o
  CC      drivers/pci/pcie/err.o
  CC      drivers/regulator/helpers.o
  CC      drivers/pci/pcie/aspm.o
  CC      drivers/remoteproc/remoteproc_elf_loader.o
  CC      drivers/regulator/devres.o
  CC      drivers/pci/pcie/pme.o
  AR      drivers/remoteproc/built-in.a
  CC      drivers/regulator/of_regulator.o
  AR      drivers/pci/pcie/built-in.a
  CC      drivers/pci/msi.o
  CC      drivers/regulator/fixed.o
  CC [M]  drivers/regulator/fan53555.o
  CC      drivers/reset/core.o
  CC      drivers/pci/ats.o
  CC [M]  drivers/regulator/sc2730-regulator.o
  CC      drivers/reset/reset-scmi.o
  AR      drivers/regulator/built-in.a
  CC      drivers/rpmsg/rpmsg_core.o
  CC      drivers/pci/iov.o
  AR      drivers/reset/built-in.a
  CC      drivers/rtc/lib.o
  CC      drivers/rpmsg/rpmsg_char.o
  CC      drivers/pci/syscall.o
  CC      drivers/rtc/hctosys.o
  AR      drivers/rpmsg/built-in.a
  CC      drivers/rtc/systohc.o
  CC      drivers/pci/ecam.o
  CC      drivers/rtc/class.o
  CC      drivers/scsi/scsi.o
  AR      drivers/pci/built-in.a
  CC      drivers/scsi/hosts.o
  CC      drivers/rtc/interface.o
  CC      drivers/scsi/scsi_ioctl.o
  CC [M]  drivers/soc/oplus/system/hung_task_enhance/gki/hung_task_enhance.o
  CC      drivers/rtc/nvmem.o
  CC      drivers/rtc/dev.o
  CC      drivers/scsi/scsicam.o
  CC      drivers/soc/oplus/system/oppo_phoenix/op_bootprof.o
  CC      drivers/rtc/proc.o
  CC      drivers/rtc/sysfs.o
  CC      drivers/soc/oplus/system/oppo_phoenix/phoenix_dump.o
  CC      drivers/scsi/scsi_error.o
  CC      drivers/rtc/rtc-pl030.o
  CC      drivers/soc/oplus/system/oppo_phoenix/phoenix_watchdog.o
  CC      drivers/rtc/rtc-pl031.o
  CC      drivers/scsi/scsi_lib.o
  CC      drivers/soc/oplus/system/oppo_phoenix/phoenix_base.o
  CC [M]  drivers/rtc/rtc-sc27xx.o
  AR      drivers/rtc/built-in.a
  CC      drivers/scsi/scsi_lib_dma.o
  AR      drivers/soc/oplus/system/oppo_phoenix/built-in.a
  CC      drivers/soc/qcom/smem_state.o
  CC      drivers/scsi/scsi_scan.o
  AR      drivers/soc/qcom/built-in.a
  CC      drivers/spi/spi.o
  CC      drivers/scsi/scsi_sysfs.o
  CC [M]  drivers/soc/sprd/autotest/core.o
  CC [M]  drivers/soc/sprd/autotest/pinctrl.o
  CC      drivers/scsi/scsi_devinfo.o
  CC [M]  drivers/soc/sprd/autotest/gpio.o
  CC [M]  drivers/spi/spi-sprd.o
  CC      drivers/soc/sprd/debug/hang_debug/sprd_wdh.o
  CC      drivers/scsi/scsi_sysctl.o
  CC [M]  drivers/spi/spi-sprd-adi.o
  CC      drivers/soc/sprd/debug/hang_debug/sprd_hang_trigger.o
  CC      drivers/scsi/scsi_debugfs.o
  CC [M]  drivers/soc/sprd/debug/hang_debug/sprd_wdf.o
  AR      drivers/spi/built-in.a
  CC      drivers/scsi/scsi_trace.o
  CC      drivers/spmi/spmi.o
  CC      drivers/scsi/scsi_logging.o
  AR      drivers/soc/sprd/debug/hang_debug/built-in.a
  CC      drivers/soc/sprd/debug/sysdump/sysdump.o
  AR      drivers/spmi/built-in.a
  CC      drivers/staging/android/ion/ion.o
  CC      drivers/scsi/scsi_pm.o
  CC      drivers/soc/sprd/debug/sysdump/sprd_vmcoreinfo.o
  CC      drivers/staging/android/ion/ion_buffer.o
  CC      drivers/scsi/scsi_common.o
  CC      drivers/soc/sprd/debug/sysdump/sprd_dump_msg.o
  CC      drivers/scsi/ufs/tc-dwc-g210-pltfrm.o
  CC      drivers/staging/android/ion/ion_dma_buf.o
  CC      drivers/scsi/ufs/ufshcd-dwc.o
  CC      drivers/soc/sprd/debug/sysdump/sprd_dump_io.o
  CC      drivers/staging/android/ion/ion_heap.o
  CC      drivers/soc/sprd/debug/sysdump/last_kmsg.o
  CC      drivers/scsi/ufs/tc-dwc-g210.o
  CC      drivers/staging/android/ion/heaps/ion_system_heap.o
  CC      drivers/soc/sprd/debug/sysdump/native_hang_monitor.o
  CC      drivers/scsi/ufs/ufshcd.o
  CC      drivers/staging/android/ion/heaps/ion_page_pool.o
  AR      drivers/soc/sprd/debug/sysdump/built-in.a
  CC [M]  drivers/soc/sprd/domain/sprd_vsp_pw_domain.o
  CC [M]  drivers/soc/sprd/domain/sprd_camsys_pw_domain_drv.o
  AR      drivers/staging/android/ion/heaps/built-in.a
  CC [M]  drivers/staging/android/ion/sprd/sprd_ion.o
  CC [M]  drivers/soc/sprd/domain/sprd_camsys_pw_domain_r4p0.o
  CC [M]  drivers/soc/sprd/domain/sprd_camsys_pw_domain_r5p0.o
  AR [M]  drivers/staging/android/ion/sprd/sprd-ion.o
  AR      drivers/staging/android/ion/built-in.a
  CC      drivers/staging/android/ashmem.o
  CC [M]  drivers/soc/sprd/domain/sprd_camsys_pw_domain_r5p1.o
  CC      drivers/scsi/ufs/ufs-sysfs.o
  CC [M]  drivers/soc/sprd/domain/sprd_camsys_pw_domain_r7p0.o
  CC      drivers/staging/android/vsoc.o
  CC [M]  drivers/soc/sprd/domain/sprd_camsys_pw_domain_r8p0.o
  CC      drivers/scsi/ufs/ufs-ioctl.o
  AR      drivers/staging/android/built-in.a
  CC      drivers/staging/exfat/exfat_core.o
  CC [M]  drivers/soc/sprd/domain/sprd_disp_pm_domain_sharkl3.o
  CC      drivers/scsi/ufs/ufs-sprd-debug.o
  AR [M]  drivers/soc/sprd/domain/sprd_camsys_pw_domain.o
  CC [M]  drivers/soc/sprd/modem/iq/sprd_iq.o
  CC      drivers/staging/exfat/exfat_super.o
  CC [M]  drivers/soc/sprd/modem/power_manager/sprd_power_manager.o
  CC      drivers/scsi/ufs/ufs_bsg.o
  CC      drivers/scsi/ufs/ufshcd-crypto.o
  CC      drivers/staging/exfat/exfat_blkdev.o
  CC [M]  drivers/soc/sprd/modem/sipc/sipc.o
  CC      drivers/scsi/ufs/ufshcd-pci.o
  CC      drivers/staging/exfat/exfat_cache.o
  CC [M]  drivers/soc/sprd/modem/sipc/smsg.o
  CC      drivers/scsi/ufs/ufshcd-pltfrm.o
  CC      drivers/staging/exfat/exfat_nls.o
  CC      drivers/staging/exfat/exfat_upcase.o
  CC [M]  drivers/soc/sprd/modem/sipc/smem.o
  CC      drivers/scsi/ufs/ufshcd-sprd-health.o
  AR      drivers/staging/exfat/built-in.a
  AR      drivers/staging/built-in.a
  CC [M]  drivers/scsi/ufs/ufs-sprd_qogirl6.o
  CC      drivers/thermal/thermal_core.o
  CC [M]  drivers/soc/sprd/modem/sipc/sbuf.o
  AR      drivers/scsi/ufs/built-in.a
  CC      drivers/scsi/sd.o
  CC [M]  drivers/soc/sprd/modem/sipc/sblock.o
  CC      drivers/thermal/thermal_sysfs.o
  AR      drivers/scsi/built-in.a
  CC      drivers/thermal/thermal_helpers.o
  CC [M]  drivers/soc/sprd/modem/sipc/sprd_actions_queue.o
  CC [M]  drivers/trusty/trusty-core.o
  CC      drivers/thermal/of-thermal.o
  CC [M]  drivers/soc/sprd/modem/sipc/spipe.o
  CC [M]  drivers/soc/sprd/modem/sipc/spool.o
  CC [M]  drivers/trusty/trusty-mem.o
  CC      drivers/thermal/step_wise.o
  CC [M]  drivers/soc/sprd/modem/sipc/slog_bridge.o
  CC      drivers/thermal/user_space.o
  CC [M]  drivers/trusty/trusty-irq.o
  CC      drivers/thermal/power_allocator.o
  CC [M]  drivers/soc/sprd/modem/sipc/sbuf_bridge.o
  CC [M]  drivers/trusty/trusty-pm.o
  CC [M]  drivers/soc/sprd/modem/sipc/sblock_bridge.o
  CC      drivers/thermal/cpu_cooling.o
  CC [M]  drivers/trusty/trusty-log.o
  CC [M]  drivers/soc/sprd/modem/sipc/sipx.o
  CC [M]  drivers/trusty/trusty-virtio.o
  CC      drivers/thermal/devfreq_cooling.o
  CC [M]  drivers/trusty/trusty-ipc.o
  AR [M]  drivers/soc/sprd/modem/sipc/sipc-core.o
  CC [M]  drivers/soc/sprd/power_debug/sprd_trad_pdbg_core.o
  CC [M]  drivers/thermal/thermal-generic-adc.o
  CC [M]  drivers/thermal/sprd_thermal.o
  CC [M]  drivers/soc/sprd/power_debug/sprd_trad_pdbg_drv.o
  CC [M]  drivers/trusty/sprd_shm.o
  CC [M]  drivers/thermal/sprd_soc_thm.o
  CC [M]  drivers/soc/sprd/power_debug/sprd_pdbg_sharkl6.o
  AR [M]  drivers/trusty/trusty.o
  CC [M]  drivers/thermal/sprd_cpu_cooling.o
  CC [M]  drivers/thermal/sc27xx_tsensor_thermal.o
  AR [M]  drivers/soc/sprd/power_debug/sprd_trad_pdbg_sharkl6.o
  CC [M]  drivers/soc/sprd/power_stat/sprd-debugstat-core.o
  CC      drivers/tty/tty_io.o
  CC [M]  drivers/thermal/sprd_gpu_cooling.o
  CC [M]  drivers/soc/sprd/power_stat/sprd-debugstat-sharkl6.o
  CC      drivers/tty/n_tty.o
  AR      drivers/thermal/built-in.a
  CC      drivers/uio/uio.o
  CC      drivers/soc/sprd/pub/dmc_drv.o
  AR      drivers/soc/sprd/pub/built-in.a
  CC [M]  drivers/soc/sprd/sfp/sfp_mgr.o
  AR      drivers/uio/built-in.a
  CC [M]  drivers/soc/sprd/usbpinmux/sprd_usbpinmux_qogirl6.o
  CC      drivers/tty/tty_ioctl.o
  CC [M]  drivers/unisoc_platform/audio/sprd/sprd-asoc-common.o
  CC [M]  drivers/soc/sprd/sfp/sfp_fwd.o
  CC      drivers/tty/tty_ldisc.o
  CC [M]  drivers/unisoc_platform/audio/sprd/sprd-asoc-card-utils.o
  CC      drivers/tty/tty_buffer.o
  CC [M]  drivers/soc/sprd/sfp/sfp_intf.o
  CC [M]  drivers/unisoc_platform/audio/sprd/sprd-asoc-card-utils-legacy.o
  CC      drivers/tty/tty_port.o
  CC      drivers/tty/tty_mutex.o
  CC [M]  drivers/unisoc_platform/audio/sprd/sprd-asoc-card-utils-hook.o
  CC [M]  drivers/soc/sprd/sfp/sfp_proc.o
  CC [M]  drivers/unisoc_platform/audio/sprd/vbc-rxpx-codec-sc27xx.o
  CC      drivers/tty/tty_ldsem.o
  CC      drivers/tty/tty_baudrate.o
  CC [M]  drivers/unisoc_platform/audio/sprd/codec/dummy-codec/dummy-codec.o
  CC      drivers/tty/tty_jobctrl.o
  AR [M]  drivers/unisoc_platform/audio/sprd/codec/dummy-codec/snd-soc-sprd-dummy-codec.o
  CC [M]  drivers/unisoc_platform/audio/sprd/codec/sprd/pdm_r2p0/sprd-pdm.o
  CC [M]  drivers/soc/sprd/sfp/sysctl_net_sfp.o
  CC      drivers/tty/n_null.o
  AR [M]  drivers/unisoc_platform/audio/sprd/codec/sprd/pdm_r2p0/snd-soc-sprd-pdm-r2p0.o
  CC [M]  drivers/unisoc_platform/audio/sprd/codec/sprd/sc2730/sprd-codec.o
  CC [M]  drivers/soc/sprd/sfp/sfp_ct.o
  CC      drivers/tty/pty.o
  CC      drivers/tty/tty_audit.o
  CC [M]  drivers/unisoc_platform/audio/sprd/codec/sprd/sc2730/sprd-headset-sc2730.o
  CC      drivers/tty/sysrq.o
  CC [M]  drivers/soc/sprd/sfp/sfp_hook.o
  CC [M]  drivers/unisoc_platform/audio/sprd/codec/sprd/sc2730/sprd-audio-power.o
  CC [M]  drivers/soc/sprd/sfp/sfp_ipa.o
  CC      drivers/tty/hvc/hvc_console.o
  CC [M]  drivers/unisoc_platform/audio/sprd/codec/sprd/sc2730/sprd-audio-power-dev.o
  AR      drivers/tty/hvc/built-in.a
  CC      drivers/tty/serdev/core.o
  AR [M]  drivers/unisoc_platform/audio/sprd/codec/sprd/sc2730/snd-soc-sprd-codec-sc2730.o
  AR [M]  drivers/unisoc_platform/audio/sprd/codec/sprd/sc2730/snd-soc-sprd-codec-sc2730-power.o
  AR [M]  drivers/unisoc_platform/audio/sprd/codec/sprd/sc2730/snd-soc-sprd-codec-sc2730-power-dev.o
  CC [M]  drivers/soc/sprd/sfp/sfp_tuple.o
  CC [M]  drivers/unisoc_platform/audio/sprd/dai/vbc/v4/vbc-dai.o
  CC      drivers/tty/serdev/serdev-ttyport.o
  CC [M]  drivers/soc/sprd/sfp/sfp_test.o
  AR      drivers/tty/serdev/built-in.a
  CC      drivers/tty/serial/serial_core.o
  AR [M]  drivers/soc/sprd/sfp/sfp_core.o
  CC      drivers/soc/sprd/sprd_hwinfo.o
  CC [M]  drivers/unisoc_platform/audio/sprd/dai/vbc/v4/vbc-phy-v4.o
  CC      drivers/tty/serial/earlycon.o
  CC [M]  drivers/soc/sprd/sprd_7sreset.o
  CC      drivers/tty/serial/8250/8250_core.o
  CC [M]  drivers/soc/sprd/sprd_pmic_syscon.o
  CC [M]  drivers/unisoc_platform/audio/sprd/dai/vbc/v4/sprd-fe-dai.o
  CC [M]  drivers/soc/sprd/sprd_systimer.o
  AR [M]  drivers/unisoc_platform/audio/sprd/dai/vbc/v4/snd-soc-sprd-vbc-v4.o
  AR [M]  drivers/unisoc_platform/audio/sprd/dai/vbc/v4/snd-soc-sprd-vbc-fe.o
  CC [M]  drivers/unisoc_platform/audio/sprd/platform/sprd-dmaengine-pcm.o
  CC [M]  drivers/soc/sprd/sprd_time_sync.o
  CC      drivers/tty/serial/8250/8250_port.o
  CC [M]  drivers/soc/sprd/sprd_time_sync_cp.o
  CC [M]  drivers/unisoc_platform/audio/sprd/platform/sprd-compr-2stage-dma.o
  CC [M]  drivers/soc/sprd/sprd_manufacturer_model.o
  CC      drivers/tty/serial/8250/8250_dma.o
  CC [M]  drivers/soc/sprd/sprd_pmic_refout.o
  CC [M]  drivers/unisoc_platform/audio/sprd/platform/sprd-platform-pcm-routing.o
  AR      drivers/soc/sprd/built-in.a
  CC      drivers/tty/serial/8250/8250_pci.o
  AR      drivers/soc/built-in.a
  AR [M]  drivers/unisoc_platform/audio/sprd/snd-soc-sprd-card.o
  CC      drivers/tty/serial/amba-pl011.o
  CC [M]  drivers/unisoc_platform/audio/sprd_audio/agdsp_access/agdsp_access.o
  CC [M]  drivers/unisoc_platform/audio/sprd_audio/audio_pipe/sprd_apipe.o
  CC      drivers/tty/serial/8250/8250_early.o
  CC      drivers/unisoc_platform/cp_dump/sprd_cp_dump.o
  CC      drivers/tty/serial/8250/8250_fsl.o
  CC [M]  drivers/unisoc_platform/audio/sprd_audio/audiocpboot/sprd_audcp_boot.o
  AR      drivers/unisoc_platform/cp_dump/built-in.a
  CC [M]  drivers/unisoc_platform/debug_log/core.o
  CC [M]  drivers/unisoc_platform/audio/sprd_audio/audiodspdump/audio_sblock.o
  CC      drivers/tty/serial/8250/8250_of.o
  CC [M]  drivers/unisoc_platform/debug_log/sysfs.o
  CC [M]  drivers/unisoc_platform/debug_log/serdes.o
  CC [M]  drivers/unisoc_platform/audio/sprd_audio/audiodspdump/audio_dsp_dump.o
  AR      drivers/tty/serial/8250/built-in.a
  CC      drivers/tty/serial/sprd_serial.o
  CC [M]  drivers/unisoc_platform/debug_log/qogirl6/main.o
  AR [M]  drivers/unisoc_platform/audio/sprd_audio/audiodspdump/audio-dsp-dump.o
  CC [M]  drivers/unisoc_platform/audio/sprd_audio/audiodvfs/sprd_audcp_dvfs.o
  CC [M]  drivers/unisoc_platform/debug_log/qogirl6/phy.o
  CC      drivers/tty/serial/serial_mctrl_gpio.o
  CC [M]  drivers/unisoc_platform/audio/sprd_audio/audiomem/audio_mem.o
  AR [M]  drivers/unisoc_platform/debug_log/qogirl6/mipi_driver.o
  AR [M]  drivers/unisoc_platform/debug_log/sprd_mipi.o
  CC      drivers/usb/class/cdc-acm.o
  AR      drivers/tty/serial/built-in.a
  AR      drivers/tty/built-in.a
  CC [M]  drivers/unisoc_platform/audio/sprd_audio/audiosipc/audio-sipc.o
  CC [M]  drivers/unisoc_platform/audio/sprd_audio/audiosipc/audio-smsg.o
  AR      drivers/usb/class/built-in.a
  CC      drivers/usb/common/common.o
  CC      drivers/usb/common/debug.o
  CC [M]  drivers/unisoc_platform/audio/sprd_audio/audiosipc/audio-pipe.o
  CC      drivers/usb/core/usb.o
  AR      drivers/usb/common/built-in.a
  CC [M]  drivers/unisoc_platform/audio/sprd_audio/mcdt/mcdt_r2p0/mcdt_hw_r2p0.o
  AR [M]  drivers/unisoc_platform/audio/sprd_audio/audiosipc/audio_sipc.o
  CC [M]  drivers/unisoc_platform/iommu/sprd_iommu.o
  CC      drivers/usb/core/hub.o
  CC [M]  drivers/unisoc_platform/mailbox/unisoc-mailbox-hal.o
  CC [M]  drivers/unisoc_platform/iommu/sprd_iommu_sysfs.o
  CC [M]  drivers/unisoc_platform/mailbox/unisoc-mailbox-phy-r2.o
  CC [M]  drivers/unisoc_platform/iommu/drv/sprd_iommuex_ops.o
  AR [M]  drivers/unisoc_platform/mailbox/unisoc-mailbox.o
  CC      drivers/usb/core/hcd.o
  CC [M]  drivers/unisoc_platform/iommu/drv/sprd_iommuvau_ops.o
  CC      drivers/vhost/vsock.o
  CC [M]  drivers/unisoc_platform/iommu/drv/api/sprd_iommu_api.o
  CC [M]  drivers/unisoc_platform/iommu/drv/cll/sprd_iommuex_cll.o
  CC      drivers/usb/core/urb.o
  CC      drivers/vhost/vhost.o
  CC [M]  drivers/unisoc_platform/iommu/drv/cll/sprd_iommuvau_cll.o
  CC      drivers/usb/core/message.o
  CC [M]  drivers/unisoc_platform/iommu/drv/com/sprd_com.o
  CC [M]  drivers/unisoc_platform/iommu/drv/hal/sprd_iommuex_hal_register.o
  AR      drivers/vhost/built-in.a
  CC      drivers/usb/core/driver.o
  CC [M]  drivers/unisoc_platform/iommu/drv/hal/sprd_iommuvau_hal_register.o
  CC [M]  drivers/unisoc_platform/modem_loader/sprd_modem_loader.o
  CC [M]  drivers/unisoc_platform/iommu/drv/osal/sprd_osal.o
  CC      drivers/usb/core/config.o
  CC      drivers/usb/dwc3/core.o
  AR [M]  drivers/unisoc_platform/iommu/unisoc-iommu.o
  CC      drivers/usb/core/file.o
  CC [M]  drivers/unisoc_platform/sipc_virt_bus/sprd-sipc-virt-bus.o
../drivers/unisoc_platform/sprd_gnss/Makefile:1: shell echo "sprd_gnss entry"
../drivers/unisoc_platform/sprd_gnss/Makefile:5: shell echo "BUILD_SINGLE_GNSS_MODULE=false"
../drivers/unisoc_platform/sprd_gnss/Makefile:6: shell echo "make a single ko for gnss:false"
../drivers/unisoc_platform/sprd_gnss/Makefile:23: shell echo "sprd_gnss exit"
../drivers/unisoc_platform/sprd_gnss/gnss_common_ctl/Makefile:1: shell echo "build gnss_common_ctl_all entry"
../drivers/unisoc_platform/sprd_gnss/gnss_common_ctl/Makefile:5: shell echo "build gnss_common_ctl_all exit"
  CC [M]  drivers/unisoc_platform/sprd_gnss/gnss_common_ctl/gnss_common_ctl.o
  CC      drivers/usb/core/buffer.o
  CC      drivers/usb/dwc3/trace.o
  CC      drivers/usb/core/sysfs.o
  AR [M]  drivers/unisoc_platform/sprd_gnss/gnss_common_ctl/gnss_common_ctl_all.o
../drivers/unisoc_platform/sprd_gnss/gnss_dbg/Makefile:1: shell echo "build gnss_dbg entry"
../drivers/unisoc_platform/sprd_gnss/gnss_dbg/Makefile:3: shell echo "build gnss_dbg exit"
  CC [M]  drivers/unisoc_platform/sprd_gnss/gnss_dbg/gnss_dbg.o
  CC      drivers/usb/dwc3/host.o
  CC      drivers/usb/core/endpoint.o
../drivers/unisoc_platform/sprd_gnss/gnss_pmnotify_ctl/Makefile:1: shell echo "build gnss_pmnotify_ctl entry"
../drivers/unisoc_platform/sprd_gnss/gnss_pmnotify_ctl/Makefile:3: shell echo "build gnss_pmnotify_ctl exit"
  CC [M]  drivers/unisoc_platform/sprd_gnss/gnss_pmnotify_ctl/gnss_pmnotify_ctl.o
  CC      drivers/usb/dwc3/gadget.o
  CC      drivers/usb/core/devio.o
  CC [M]  drivers/unisoc_platform/sprd_map/sprd_map.o
  CC      drivers/usb/dwc3/ep0.o
  CC      drivers/usb/core/notify.o
  CC      drivers/usb/dwc3/drd.o
  CC [M]  drivers/unisoc_platform/sprdwcn/wcn_bus.o
  CC      drivers/usb/core/generic.o
  CC [M]  drivers/unisoc_platform/sprdwcn/sprd_wcn.o
  CC      drivers/usb/dwc3/debugfs.o
  CC      drivers/usb/core/quirks.o
  CC      drivers/usb/dwc3/dwc3-haps.o
  CC [M]  drivers/unisoc_platform/sprdwcn/platform/wcn_parn_parser.o
  CC      drivers/usb/core/devices.o
  CC      drivers/usb/dwc3/dwc3-of-simple.o
  CC [M]  drivers/unisoc_platform/sprdwcn/platform/wcn_procfs.o
  CC      drivers/usb/core/phy.o
  AR      drivers/usb/dwc3/built-in.a
  CC      drivers/usb/core/port.o
  CC      drivers/usb/gadget/usbstring.o
  CC      drivers/usb/core/of.o
  CC [M]  drivers/unisoc_platform/sprdwcn/platform/wcn_txrx.o
  CC      drivers/usb/gadget/config.o
  CC      drivers/usb/core/hcd-pci.o
  CC [M]  drivers/unisoc_platform/sprdwcn/platform/wcn_log.o
  CC      drivers/usb/gadget/epautoconf.o
  CC [M]  drivers/unisoc_platform/sprdwcn/platform/wcn_misc.o
  AR      drivers/usb/core/built-in.a
  CC      drivers/usb/gadget/composite.o
  CC [M]  drivers/unisoc_platform/sprdwcn/platform/bufring.o
  CC      drivers/video/hdmi.o
  CC [M]  drivers/unisoc_platform/sprdwcn/platform/wcn_op.o
  CC      drivers/usb/gadget/functions.o
  CC      drivers/video/backlight/backlight.o
  CC [M]  drivers/unisoc_platform/sprdwcn/platform/sysfs.o
  CC      drivers/usb/gadget/configfs.o
  CC      drivers/video/backlight/generic_bl.o
  CC [M]  drivers/unisoc_platform/sprdwcn/platform/reset.o
  AR      drivers/video/backlight/built-in.a
  CC      drivers/video/fbdev/core/fb_cmdline.o
  CC      drivers/usb/gadget/u_f.o
  CC [M]  drivers/unisoc_platform/sprdwcn/platform/reset_test.o
  CC [M]  drivers/unisoc_platform/sprdwcn/platform/loopcheck.o
  AR      drivers/video/fbdev/core/built-in.a
  CC      drivers/usb/gadget/function/u_serial.o
  AR      drivers/video/fbdev/built-in.a
  CC      drivers/video/display_timing.o
  CC [M]  drivers/unisoc_platform/sprdwcn/platform/rf/rf.o
  CC      drivers/video/videomode.o
  CC      drivers/video/of_display_timing.o
  CC      drivers/usb/gadget/function/f_serial.o
  CC [M]  drivers/unisoc_platform/sprdwcn/platform/wcn_dump_integrate.o
  CC      drivers/video/of_videomode.o
  CC      drivers/usb/gadget/function/f_mass_storage.o
  AR      drivers/video/built-in.a
  CC [M]  drivers/unisoc_platform/sprdwcn/platform/wcn_boot.o
  CC [M]  drivers/unisoc_platform/wlan/common/cfg80211.o
  CC      drivers/usb/gadget/function/storage_common.o
  CC [M]  drivers/unisoc_platform/sprdwcn/platform/gnss/gnss.o
  CC [M]  drivers/unisoc_platform/sprdwcn/platform/wcn_dump.o
  CC [M]  drivers/unisoc_platform/wlan/common/debug.o
  CC      drivers/usb/gadget/function/f_fs.o
  CC [M]  drivers/unisoc_platform/sprdwcn/platform/gnss_dump.o
  CC [M]  drivers/unisoc_platform/wlan/common/delay_work.o
  CC [M]  drivers/unisoc_platform/sprdwcn/platform/wcn_gnss_dump.o
  CC      drivers/usb/gadget/function/f_midi.o
  CC [M]  drivers/unisoc_platform/sprdwcn/platform/wcn_swd_dap.o
  CC      drivers/usb/gadget/function/f_hid.o
  CC [M]  drivers/unisoc_platform/sprdwcn/platform/mem_pd_mgr.o
  CC [M]  drivers/unisoc_platform/wlan/common/iface.o
  CC      drivers/usb/gadget/function/f_accessory.o
  CC [M]  drivers/unisoc_platform/sprdwcn/platform/wcn_debugfs.o
  CC [M]  drivers/unisoc_platform/sprdwcn/platform/wcn_ca_trusty.o
  CC      drivers/usb/gadget/function/f_audio_source.o
  CC [M]  drivers/unisoc_platform/sprdwcn/sleep/sdio_int.o
  CC [M]  drivers/unisoc_platform/wlan/common/msg.o
  CC [M]  drivers/usb/gadget/function/sprd_u_ether.o
  CC [M]  drivers/unisoc_platform/wlan/common/npi.o
  CC [M]  drivers/unisoc_platform/sprdwcn/sleep/slp_mgr.o
  CC [M]  drivers/unisoc_platform/wlan/common/report.o
  CC [M]  drivers/unisoc_platform/sprdwcn/sleep/slp_sdio.o
  CC [M]  drivers/usb/gadget/function/sprd_f_rndis.o
  CC [M]  drivers/unisoc_platform/sprdwcn/sleep/slp_test.o
  CC [M]  drivers/unisoc_platform/sprdwcn/boot/wcn_integrate.o
  CC [M]  drivers/usb/gadget/function/sprd_rndis.o
  CC [M]  drivers/unisoc_platform/wlan/common/tdls.o
  CC [M]  drivers/unisoc_platform/sprdwcn/boot/wcn_integrate_dev.o
  AR [M]  drivers/unisoc_platform/wlan/common/sprd_wlan.o
  CC [M]  drivers/usb/gadget/function/f_vserial.o
  CC [M]  drivers/unisoc_platform/wlan/marlin3_sipc/main.o
  CC [M]  drivers/unisoc_platform/sprdwcn/boot/wcn_integrate_boot.o
  AR      drivers/usb/gadget/function/built-in.a
  AR [M]  drivers/usb/gadget/function/sprd_usb_f_rndis.o
  AR [M]  drivers/usb/gadget/function/usb_f_vser.o
  CC [M]  drivers/unisoc_platform/sprdwcn/sipc/wcn_sipc.o
  CC      drivers/usb/gadget/udc/core.o
  CC [M]  drivers/unisoc_platform/wlan/marlin3_sipc/cfg80211.o
  CC [M]  drivers/unisoc_platform/sprdwcn/sdio/sdiohal_main.o
  CC      drivers/usb/gadget/udc/trace.o
  CC [M]  drivers/unisoc_platform/wlan/marlin3_sipc/txrx.o
  CC      drivers/usb/gadget/udc/dummy_hcd.o
  CC [M]  drivers/unisoc_platform/sprdwcn/sdio/sdiohal_common.o
  CC [M]  drivers/unisoc_platform/wlan/marlin3_sipc/cmdevt.o
  AR      drivers/usb/gadget/udc/built-in.a
  AR      drivers/usb/gadget/built-in.a
  CC      drivers/usb/host/pci-quirks.o
  CC [M]  drivers/unisoc_platform/sprdwcn/sdio/sdiohal_tx.o
  CC [M]  drivers/unisoc_platform/sprdwcn/sdio/sdiohal_rx.o
  CC [M]  drivers/unisoc_platform/wlan/marlin3_sipc/npi.o
  CC      drivers/usb/host/ehci-hcd.o
  CC [M]  drivers/unisoc_platform/sprdwcn/sdio/sdiohal_if.o
  CC [M]  drivers/unisoc_platform/wlan/marlin3_sipc/msg.o
  AR [M]  drivers/unisoc_platform/sprdwcn/wcn_bsp.o
  CC [M]  drivers/unisoc_platform/wlan/marlin3_sipc/work.o
  CC [M]  drivers/unisoc_platform/wlan/marlin3_sipc/vendor.o
  CC      drivers/usb/host/ehci-pci.o
  CC [M]  drivers/unisoc_platform/wlan/sc2332/acs.o
  CC      drivers/usb/host/ehci-platform.o
  CC [M]  drivers/unisoc_platform/wlan/sc2332/init.o
  CC [M]  drivers/unisoc_platform/wlan/marlin3_sipc/tcp_ack.o
  CC      drivers/usb/host/xhci.o
  CC [M]  drivers/unisoc_platform/wlan/sc2332/cmdevt.o
  CC [M]  drivers/unisoc_platform/wlan/marlin3_sipc/mm.o
  CC [M]  drivers/unisoc_platform/wlan/sc2332/qos.o
  CC [M]  drivers/unisoc_platform/wlan/marlin3_sipc/reorder.o
  CC      drivers/usb/host/xhci-mem.o
  CC [M]  drivers/unisoc_platform/wlan/sc2332/scan.o
  CC [M]  drivers/unisoc_platform/wlan/marlin3_sipc/core_sc2355.o
  CC [M]  drivers/unisoc_platform/wlan/sc2332/tcp_ack.o
  CC      drivers/usb/host/xhci-ext-caps.o
  CC [M]  drivers/unisoc_platform/wlan/sc2332/txrx.o
  CC [M]  drivers/unisoc_platform/wlan/marlin3_sipc/tx_msg_sc2355.o
  CC      drivers/usb/host/xhci-ring.o
  CC [M]  drivers/unisoc_platform/wlan/sc2332/fcc.o
  CC      drivers/usb/host/xhci-hub.o
  CC [M]  drivers/unisoc_platform/wlan/marlin3_sipc/rx_msg_sc2355.o
  CC [M]  drivers/unisoc_platform/wlan/sc2332/sipc.o
  CC      drivers/usb/host/xhci-dbg.o
  CC [M]  drivers/unisoc_platform/wlan/marlin3_sipc/if_sc2355.o
  CC [M]  drivers/unisoc_platform/wlan/sc2332/vendor.o
  CC      drivers/usb/host/xhci-trace.o
  CC [M]  drivers/unisoc_platform/wlan/marlin3_sipc/qos.o
  AR [M]  drivers/unisoc_platform/wlan/sc2332/sc2332_sipc_wlan.o
  CC      drivers/usb/host/xhci-debugfs.o
  CC [M]  drivers/unisoc_platform/wlan/marlin3_sipc/edma_test.o
  CC      drivers/virtio/virtio.o
  CC      drivers/usb/host/xhci-pci.o
  CC      drivers/virtio/virtio_ring.o
  CC [M]  drivers/unisoc_platform/wlan/marlin3_sipc/defrag.o
  CC      drivers/usb/host/xhci-plat.o
  AR      drivers/virtio/built-in.a
  CC [M]  drivers/unisoc_platform/wlan/marlin3_sipc/ibss.o
  AR      drivers/usb/host/built-in.a
  CC [M]  drivers/usb/musb/musb_core.o
  CC [M]  drivers/unisoc_platform/wlan/sc2355/acs.o
  CC [M]  drivers/unisoc_platform/wlan/marlin3_sipc/nan.o
  CC [M]  drivers/unisoc_platform/wlan/sc2355/api_version.o
  CC [M]  drivers/usb/musb/musb_trace.o
  CC [M]  drivers/unisoc_platform/wlan/marlin3_sipc/tracer.o
  CC [M]  drivers/unisoc_platform/wlan/sc2355/cmdevt.o
  CC [M]  drivers/usb/musb/musb_virthub.o
  CC [M]  drivers/unisoc_platform/wlan/marlin3_sipc/rf_marlin3.o
  CC [M]  drivers/usb/musb/musb_host.o
  CC [M]  drivers/unisoc_platform/wlan/sc2355/defrag.o
  CC [M]  drivers/unisoc_platform/wlan/marlin3_sipc/rtt.o
  CC [M]  drivers/usb/musb/musb_gadget_ep0.o
  CC [M]  drivers/unisoc_platform/wlan/sc2355/hw_param.o
  CC [M]  drivers/unisoc_platform/wlan/marlin3_sipc/api_version.o
  CC [M]  drivers/usb/musb/musb_gadget.o
  CC [M]  drivers/unisoc_platform/wlan/sc2355/init.o
  CC [M]  drivers/unisoc_platform/wlan/marlin3_sipc/rnd_mac_addr.o
  CC [M]  drivers/usb/musb/musb_debugfs.o
  CC [M]  drivers/unisoc_platform/wlan/marlin3_sipc/debug.o
  CC [M]  drivers/usb/musb/sprd_musbhsdma.o
  CC [M]  drivers/unisoc_platform/wlan/sc2355/mm.o
  CC [M]  drivers/unisoc_platform/wlan/marlin3_sipc/txrx_buf_mm.o
  CC [M]  drivers/usb/musb/musb_sprd.o
  CC [M]  drivers/unisoc_platform/wlan/sc2355/qos.o
  CC [M]  drivers/unisoc_platform/wlan/marlin3_sipc/sipc_txrx_mm.o
  AR [M]  drivers/usb/musb/musb_hdrc.o
  CC      drivers/usb/phy/phy.o
  CC [M]  drivers/unisoc_platform/wlan/sc2355/reorder.o
  CC [M]  drivers/unisoc_platform/wlan/marlin3_sipc/sipc_debug.o
  CC      drivers/usb/phy/of.o
  CC [M]  drivers/unisoc_platform/wlan/sc2355/rx.o
  CC [M]  drivers/usb/phy/phy-sprd-qogirl6.o
  AR [M]  drivers/unisoc_platform/wlan/marlin3_sipc/sc2355_sipc_wlan.o
  CC [M]  drivers/unisoc_platform/wlan/sc2355/scan.o
  AR      drivers/usb/phy/built-in.a
  CC      drivers/usb/roles/class.o
  CC      drivers/watchdog/watchdog_core.o
  CC [M]  drivers/unisoc_platform/wlan/sc2355/tcp_ack.o
  AR      drivers/usb/roles/built-in.a
  CC      drivers/watchdog/watchdog_dev.o
  CC      drivers/usb/storage/uas.o
  CC [M]  drivers/unisoc_platform/wlan/sc2355/tx.o
  CC [M]  drivers/watchdog/sprd_wdt_fiq.o
  CC      drivers/usb/storage/scsiglue.o
  CC [M]  drivers/watchdog/sprd_pmic_wdt.o
  AR      drivers/watchdog/built-in.a
  CC [M]  drivers/unisoc_platform/wlan/sc2355/fcc.o
  CC      drivers/usb/storage/protocol.o
  CC      drivers/usb/storage/transport.o
  CC      drivers/usb/typec/class.o
  CC      drivers/usb/storage/usb.o
  CC [M]  drivers/unisoc_platform/wlan/sc2355/sdio.o
  CC      drivers/usb/typec/mux.o
  CC      drivers/usb/storage/initializers.o
  CC      drivers/usb/typec/bus.o
  CC [M]  drivers/unisoc_platform/wlan/sc2355/vendor.o
  CC      drivers/usb/storage/sierra_ms.o
  CC      drivers/usb/typec/tcpm/tcpm.o
  CC      drivers/usb/storage/option_ms.o
  AR [M]  drivers/unisoc_platform/wlan/sc2355/sc2355_sdio_wlan.o
  CC      drivers/usb/storage/usual-tables.o
  AR      drivers/unisoc_platform/built-in.a
  CC [M]  drivers/usb/typec/tcpm/sprd_tcpm.o
  AR      drivers/usb/storage/built-in.a
  CC [M]  drivers/usb/typec/tcpm/sc27xx_pd.o
  CC      drivers/usb/typec/ucsi/ucsi.o
  CC [M]  drivers/usb/typec/sc27xx_typec.o
  CC      drivers/usb/typec/ucsi/trace.o
  AR      drivers/usb/typec/tcpm/built-in.a
  CC [M]  drivers/usb/typec/virtual_typec.o
  AR      drivers/usb/typec/ucsi/built-in.a
  AR      drivers/usb/typec/built-in.a
  AR      drivers/usb/built-in.a
  AR      drivers/built-in.a
  CC      kernel/kheaders.o
  AR      kernel/built-in.a
  GEN     .version
  CHK     include/generated/compile.h
  UPD     include/generated/compile.h
  CC      init/version.o
  AR      init/built-in.a
  LTO     vmlinux.o
  MODPOST vmlinux.o
  MODINFO modules.builtin.modinfo
  LD      .tmp_vmlinux.kallsyms1
  KSYM    .tmp_vmlinux.kallsyms1.o
  LD      .tmp_vmlinux.kallsyms2
  KSYM    .tmp_vmlinux.kallsyms2.o
  LD      vmlinux
  SORTEX  vmlinux
  SYSMAP  System.map
  LTO [M] arch/arm64/crypto/aes-ce-ccm.lto.o
  OBJCOPY arch/arm64/boot/Image
  LTO [M] arch/arm64/crypto/aes-neon-blk.lto.o
  LTO [M] arch/arm64/crypto/ghash-ce.lto.o
  LTO [M] arch/arm64/crypto/sha1-ce.lto.o
  LTO [M] crypto/arc4.lto.o
  LTO [M] crypto/twofish_common.lto.o
  LTO [M] crypto/twofish_generic.lto.o
  LTO [M] drivers/block/zram/hybridswap/hyb.lto.o
  LTO [M] drivers/char/rpmb/rpmb.lto.o
   text	   data	    bss	    dec	    hex	filename
21620704	13227217	2906592	37754513	2401691	vmlinux
  LTO [M] drivers/clk/sprd/clk-sprd.lto.o
0x11ce3ad8	module_layout	vmlinux	EXPORT_SYMBOL	
   text	   data	    bss	    dec	    hex	filename
21620704	13227217	2906592	37754513	2401691	vmlinux
0x11ce3ad8	module_layout	vmlinux	EXPORT_SYMBOL	
  GZIP    arch/arm64/boot/Image.gz
  LTO [M] drivers/clk/sprd/ums9230-clk.lto.o
  LTO [M] drivers/cpufreq/sprd-cpufreq-public.lto.o
  LTO [M] drivers/cpufreq/sprd-hwdvfs-policy.lto.o
  LTO [M] drivers/cpufreq/sprd-hwdvfs-ums9230-arch.lto.o
  LTO [M] drivers/crypto/virtio/virtio_crypto.lto.o
  LTO [M] drivers/devfreq/apsys/apsys-dvfs.lto.o
  LTO [M] drivers/devfreq/sprd-top-dvfs.lto.o
  LTO [M] drivers/devfreq/sprd/sprd_ddr_dvfs.lto.o
  LTO [M] drivers/devfreq/sprd_cp_dvfs.lto.o
  LTO [M] drivers/dma/sprd-dma.lto.o
  LTO [M] drivers/dma/virt-dma.lto.o
  LTO [M] drivers/extcon/extcon-usb-gpio.lto.o
  LTO [M] drivers/firmware/sprd_sip_svc.lto.o
  LTO [M] drivers/gpio/gpio-eic-sprd.lto.o
  LTO [M] drivers/gpio/gpio-pmic-eic-sprd.lto.o
  LTO [M] drivers/gpio/gpio-sprd.lto.o
  LTO [M] drivers/gpu/drm/sprd/gsp/sprd-gsp.lto.o
  LTO [M] drivers/gpu/drm/sprd/sprd-drm.lto.o
  LTO [M] drivers/hwspinlock/sprd_hwspinlock.lto.o
  LTO [M] drivers/i2c/busses/i2c-sprd-hw-v2.lto.o
  LTO [M] drivers/i2c/busses/i2c-sprd.lto.o
  LTO [M] drivers/iio/adc/sc27xx_adc.lto.o
  LTO [M] drivers/iio/buffer/kfifo_buf.lto.o
  LTO [M] drivers/iio/sprd_hub/sensorhub.lto.o
  LTO [M] drivers/input/fingerprint/focaltech/focaltech_fp.lto.o
  LTO [M] drivers/input/fingerprint/fpsensor_tee/fpsensor_fp.lto.o
  LTO [M] drivers/input/fingerprint/jiiov/jiiov.lto.o
  LTO [M] drivers/input/fingerprint/nico_fp_common/nico_fp_common.lto.o
  LTO [M] drivers/input/fingerprint/oplus_fp_common/oplus_fp_common.lto.o
  LTO [M] drivers/input/fingerprint/silead/silead_fp.lto.o
  LTO [M] drivers/input/lcd_bias/lcd_bias_adjust.lto.o
  LTO [M] drivers/input/misc/sc27xx-vibra.lto.o
  LTO [M] drivers/input/touchscreen/ICNL9911/sprd-cts.lto.o
  LTO [M] drivers/input/touchscreen/chipone-tddi/chipone-tddi.lto.o
  LTO [M] drivers/input/touchscreen/focaltech_touch/sprd-focaltech.lto.o
  LTO [M] drivers/input/touchscreen/hxchipset/himax_mmi.lto.o
  LTO [M] drivers/input/touchscreen/ili9882q/ilitek.lto.o
  LTO [M] drivers/input/touchscreen/nt36xxx/sprd-nt36xxx.lto.o
  LTO [M] drivers/leds/leds-sc27xx-bltc.lto.o
  LTO [M] drivers/leds/trigger/ledtrig-pattern.lto.o
  LTO [M] drivers/media/platform/sprd-jpg/jpg.lto.o
  LTO [M] drivers/media/platform/sprd-vsp/vsp.lto.o
  LTO [M] drivers/mfd/sprd-sc27xx-spi.lto.o
  LTO [M] drivers/misc/device_info/device_info.lto.o
  LTO [M] drivers/misc/hardware_info.lto.o
  LTO [M] drivers/misc/hqhardwareinfo/hq_hardware_info.lto.o
  LTO [M] drivers/misc/misc_sprd_uid.lto.o
  LTO [M] drivers/misc/sprd_soc_id.lto.o
  LTO [M] drivers/mmc/host/mmc_hsq.lto.o
  LTO [M] drivers/mmc/host/mmc_swcq.lto.o
  LTO [M] drivers/mmc/host/sdhci-sprd.lto.o
  LTO [M] drivers/net/sprd/seth/seth.lto.o
  LTO [M] drivers/net/usb/asix.lto.o
  LTO [M] drivers/net/usb/ax88179_178a.lto.o
  LTO [M] drivers/nfc/pn557/nq-nci.lto.o
  LTO [M] drivers/nvmem/nvmem-sc27xx-efuse.lto.o
  LTO [M] drivers/nvmem/nvmem_sprd_cache_efuse.lto.o
  LTO [M] drivers/nvmem/nvmem_sprd_efuse.lto.o
  LTO [M] drivers/pinctrl/sprd/pinctrl-sprd-qogirl6.lto.o
  LTO [M] drivers/pinctrl/sprd/pinctrl-sprd.lto.o
  LTO [M] drivers/power/reset/sc27xx-poweroff.lto.o
  LTO [M] drivers/power/supply/bq2560x-charger.lto.o
  LTO [M] drivers/power/supply/charger-manager.lto.o
  LTO [M] drivers/power/supply/rt9471-charger.lto.o
  LTO [M] drivers/power/supply/sc2730_fast_charger.lto.o
  LTO [M] drivers/power/supply/sc27xx_fuel_gauge.lto.o
  LTO [M] drivers/power/supply/sgm41512_chg.lto.o
  LTO [M] drivers/power/supply/sgm4154x_chg.lto.o
  LTO [M] drivers/power/supply/sprd_battery_info.lto.o
  LTO [M] drivers/power/supply/sprd_vote.lto.o
  LTO [M] drivers/pwm/pwm-sprd.lto.o
  LTO [M] drivers/regulator/fan53555.lto.o
  LTO [M] drivers/regulator/sc2730-regulator.lto.o
  LTO [M] drivers/rtc/rtc-sc27xx.lto.o
  LTO [M] drivers/scsi/ufs/ufs-sprd_qogirl6.lto.o
  LTO [M] drivers/soc/oplus/system/hung_task_enhance/gki/hung_task_enhance.lto.o
  LTO [M] drivers/soc/sprd/autotest/core.lto.o
  LTO [M] drivers/soc/sprd/autotest/gpio.lto.o
  LTO [M] drivers/soc/sprd/autotest/pinctrl.lto.o
  LTO [M] drivers/soc/sprd/debug/hang_debug/sprd_wdf.lto.o
  LTO [M] drivers/soc/sprd/domain/sprd_camsys_pw_domain.lto.o
  LTO [M] drivers/soc/sprd/domain/sprd_disp_pm_domain_sharkl3.lto.o
  LTO [M] drivers/soc/sprd/domain/sprd_vsp_pw_domain.lto.o
  LTO [M] drivers/soc/sprd/modem/iq/sprd_iq.lto.o
  LTO [M] drivers/soc/sprd/modem/power_manager/sprd_power_manager.lto.o
  LTO [M] drivers/soc/sprd/modem/sipc/sblock_bridge.lto.o
  LTO [M] drivers/soc/sprd/modem/sipc/sbuf_bridge.lto.o
  LTO [M] drivers/soc/sprd/modem/sipc/sipc-core.lto.o
  LTO [M] drivers/soc/sprd/modem/sipc/sipx.lto.o
  LTO [M] drivers/soc/sprd/modem/sipc/slog_bridge.lto.o
  LTO [M] drivers/soc/sprd/modem/sipc/spipe.lto.o
  LTO [M] drivers/soc/sprd/modem/sipc/spool.lto.o
  LTO [M] drivers/soc/sprd/power_debug/sprd_trad_pdbg_sharkl6.lto.o
  LTO [M] drivers/soc/sprd/power_stat/sprd-debugstat-core.lto.o
  LTO [M] drivers/soc/sprd/power_stat/sprd-debugstat-sharkl6.lto.o
  LTO [M] drivers/soc/sprd/sfp/sfp_core.lto.o
  LTO [M] drivers/soc/sprd/sprd_7sreset.lto.o
  LTO [M] drivers/soc/sprd/sprd_manufacturer_model.lto.o
  LTO [M] drivers/soc/sprd/sprd_pmic_refout.lto.o
  LTO [M] drivers/soc/sprd/sprd_pmic_syscon.lto.o
  LTO [M] drivers/soc/sprd/sprd_systimer.lto.o
  LTO [M] drivers/soc/sprd/sprd_time_sync.lto.o
  LTO [M] drivers/soc/sprd/sprd_time_sync_cp.lto.o
  LTO [M] drivers/soc/sprd/usbpinmux/sprd_usbpinmux_qogirl6.lto.o
  LTO [M] drivers/spi/spi-sprd-adi.lto.o
  LTO [M] drivers/spi/spi-sprd.lto.o
  LTO [M] drivers/staging/android/ion/sprd/sprd-ion.lto.o
  LTO [M] drivers/thermal/sc27xx_tsensor_thermal.lto.o
  LTO [M] drivers/thermal/sprd_cpu_cooling.lto.o
  LTO [M] drivers/thermal/sprd_gpu_cooling.lto.o
  LTO [M] drivers/thermal/sprd_soc_thm.lto.o
  LTO [M] drivers/thermal/sprd_thermal.lto.o
  LTO [M] drivers/thermal/thermal-generic-adc.lto.o
  LTO [M] drivers/trusty/sprd_shm.lto.o
  LTO [M] drivers/trusty/trusty-ipc.lto.o
  LTO [M] drivers/trusty/trusty-irq.lto.o
  LTO [M] drivers/trusty/trusty-log.lto.o
  LTO [M] drivers/trusty/trusty-pm.lto.o
  LTO [M] drivers/trusty/trusty-virtio.lto.o
  LTO [M] drivers/trusty/trusty.lto.o
  LTO [M] drivers/unisoc_platform/audio/sprd/codec/dummy-codec/snd-soc-sprd-dummy-codec.lto.o
  LTO [M] drivers/unisoc_platform/audio/sprd/codec/sprd/pdm_r2p0/snd-soc-sprd-pdm-r2p0.lto.o
  LTO [M] drivers/unisoc_platform/audio/sprd/codec/sprd/sc2730/snd-soc-sprd-codec-sc2730-power-dev.lto.o
  LTO [M] drivers/unisoc_platform/audio/sprd/codec/sprd/sc2730/snd-soc-sprd-codec-sc2730-power.lto.o
  LTO [M] drivers/unisoc_platform/audio/sprd/codec/sprd/sc2730/snd-soc-sprd-codec-sc2730.lto.o
  LTO [M] drivers/unisoc_platform/audio/sprd/dai/vbc/v4/snd-soc-sprd-vbc-fe.lto.o
  LTO [M] drivers/unisoc_platform/audio/sprd/dai/vbc/v4/snd-soc-sprd-vbc-v4.lto.o
  LTO [M] drivers/unisoc_platform/audio/sprd/platform/sprd-compr-2stage-dma.lto.o
  LTO [M] drivers/unisoc_platform/audio/sprd/platform/sprd-dmaengine-pcm.lto.o
  LTO [M] drivers/unisoc_platform/audio/sprd/platform/sprd-platform-pcm-routing.lto.o
  LTO [M] drivers/unisoc_platform/audio/sprd/snd-soc-sprd-card.lto.o
  LTO [M] drivers/unisoc_platform/audio/sprd_audio/agdsp_access/agdsp_access.lto.o
  LTO [M] drivers/unisoc_platform/audio/sprd_audio/audio_pipe/sprd_apipe.lto.o
  LTO [M] drivers/unisoc_platform/audio/sprd_audio/audiocpboot/sprd_audcp_boot.lto.o
  LTO [M] drivers/unisoc_platform/audio/sprd_audio/audiodspdump/audio-dsp-dump.lto.o
  LTO [M] drivers/unisoc_platform/audio/sprd_audio/audiodvfs/sprd_audcp_dvfs.lto.o
  LTO [M] drivers/unisoc_platform/audio/sprd_audio/audiomem/audio_mem.lto.o
  LTO [M] drivers/unisoc_platform/audio/sprd_audio/audiosipc/audio-pipe.lto.o
  LTO [M] drivers/unisoc_platform/audio/sprd_audio/audiosipc/audio_sipc.lto.o
  LTO [M] drivers/unisoc_platform/audio/sprd_audio/mcdt/mcdt_r2p0/mcdt_hw_r2p0.lto.o
  LTO [M] drivers/unisoc_platform/debug_log/qogirl6/mipi_driver.lto.o
  LTO [M] drivers/unisoc_platform/debug_log/sprd_mipi.lto.o
  LTO [M] drivers/unisoc_platform/iommu/unisoc-iommu.lto.o
  LTO [M] drivers/unisoc_platform/mailbox/unisoc-mailbox.lto.o
  LTO [M] drivers/unisoc_platform/modem_loader/sprd_modem_loader.lto.o
  LTO [M] drivers/unisoc_platform/sipc_virt_bus/sprd-sipc-virt-bus.lto.o
  LTO [M] drivers/unisoc_platform/sprd_gnss/gnss_common_ctl/gnss_common_ctl_all.lto.o
  LTO [M] drivers/unisoc_platform/sprd_gnss/gnss_dbg/gnss_dbg.lto.o
  LTO [M] drivers/unisoc_platform/sprd_gnss/gnss_pmnotify_ctl/gnss_pmnotify_ctl.lto.o
  LTO [M] drivers/unisoc_platform/sprd_map/sprd_map.lto.o
  LTO [M] drivers/unisoc_platform/sprdwcn/wcn_bsp.lto.o
  LTO [M] drivers/unisoc_platform/wlan/common/sprd_wlan.lto.o
  LTO [M] drivers/unisoc_platform/wlan/marlin3_sipc/sc2355_sipc_wlan.lto.o
  LTO [M] drivers/unisoc_platform/wlan/sc2332/sc2332_sipc_wlan.lto.o
  LTO [M] drivers/unisoc_platform/wlan/sc2355/sc2355_sdio_wlan.lto.o
  LTO [M] drivers/usb/gadget/function/sprd_u_ether.lto.o
  LTO [M] drivers/usb/gadget/function/sprd_usb_f_rndis.lto.o
  LTO [M] drivers/usb/gadget/function/usb_f_vser.lto.o
  LTO [M] drivers/usb/musb/musb_hdrc.lto.o
  LTO [M] drivers/usb/musb/musb_sprd.lto.o
  LTO [M] drivers/usb/phy/phy-sprd-qogirl6.lto.o
  LTO [M] drivers/usb/typec/sc27xx_typec.lto.o
  LTO [M] drivers/usb/typec/tcpm/sc27xx_pd.lto.o
  LTO [M] drivers/usb/typec/tcpm/sprd_tcpm.lto.o
  LTO [M] drivers/usb/typec/virtual_typec.lto.o
  LTO [M] drivers/watchdog/sprd_pmic_wdt.lto.o
  LTO [M] drivers/watchdog/sprd_wdt_fiq.lto.o
  LTO [M] net/ims_bridge/ims_bridge.lto.o
  LTO [M] net/ims_bridge/ims_bridge_t.lto.o
  LTO [M] net/sprd_net/sprd_net_helper.lto.o
  Building modules, stage 2.
  MODPOST 180 modules
  CC [M]  arch/arm64/crypto/aes-ce-ccm.mod.o
  CC [M]  arch/arm64/crypto/aes-neon-blk.mod.o
  CC [M]  arch/arm64/crypto/ghash-ce.mod.o
  CC [M]  arch/arm64/crypto/sha1-ce.mod.o
  CC [M]  crypto/arc4.mod.o
  CC [M]  crypto/twofish_common.mod.o
  CC [M]  crypto/twofish_generic.mod.o
  CC [M]  drivers/block/zram/hybridswap/hyb.mod.o
  CC [M]  drivers/char/rpmb/rpmb.mod.o
  CC [M]  drivers/clk/sprd/clk-sprd.mod.o
  CC [M]  drivers/clk/sprd/ums9230-clk.mod.o
  CC [M]  drivers/cpufreq/sprd-cpufreq-public.mod.o
  CC [M]  drivers/cpufreq/sprd-hwdvfs-policy.mod.o
  CC [M]  drivers/cpufreq/sprd-hwdvfs-ums9230-arch.mod.o
  CC [M]  drivers/crypto/virtio/virtio_crypto.mod.o
  CC [M]  drivers/devfreq/apsys/apsys-dvfs.mod.o
  CC [M]  drivers/devfreq/sprd-top-dvfs.mod.o
  CC [M]  drivers/devfreq/sprd/sprd_ddr_dvfs.mod.o
  CC [M]  drivers/devfreq/sprd_cp_dvfs.mod.o
  CC [M]  drivers/dma/sprd-dma.mod.o
  CC [M]  drivers/dma/virt-dma.mod.o
  CC [M]  drivers/extcon/extcon-usb-gpio.mod.o
  CC [M]  drivers/firmware/sprd_sip_svc.mod.o
  CC [M]  drivers/gpio/gpio-eic-sprd.mod.o
  CC [M]  drivers/gpio/gpio-pmic-eic-sprd.mod.o
  CC [M]  drivers/gpio/gpio-sprd.mod.o
  CC [M]  drivers/gpu/drm/sprd/gsp/sprd-gsp.mod.o
  CC [M]  drivers/gpu/drm/sprd/sprd-drm.mod.o
  CC [M]  drivers/hwspinlock/sprd_hwspinlock.mod.o
  CC [M]  drivers/i2c/busses/i2c-sprd-hw-v2.mod.o
  CC [M]  drivers/i2c/busses/i2c-sprd.mod.o
  CC [M]  drivers/iio/adc/sc27xx_adc.mod.o
  CC [M]  drivers/iio/buffer/kfifo_buf.mod.o
  CC [M]  drivers/iio/sprd_hub/sensorhub.mod.o
  CC [M]  drivers/input/fingerprint/focaltech/focaltech_fp.mod.o
  CC [M]  drivers/input/fingerprint/fpsensor_tee/fpsensor_fp.mod.o
  CC [M]  drivers/input/fingerprint/jiiov/jiiov.mod.o
  CC [M]  drivers/input/fingerprint/nico_fp_common/nico_fp_common.mod.o
  CC [M]  drivers/input/fingerprint/oplus_fp_common/oplus_fp_common.mod.o
  CC [M]  drivers/input/fingerprint/silead/silead_fp.mod.o
  CC [M]  drivers/input/lcd_bias/lcd_bias_adjust.mod.o
  CC [M]  drivers/input/misc/sc27xx-vibra.mod.o
  CC [M]  drivers/input/touchscreen/ICNL9911/sprd-cts.mod.o
  CC [M]  drivers/input/touchscreen/chipone-tddi/chipone-tddi.mod.o
  CC [M]  drivers/input/touchscreen/focaltech_touch/sprd-focaltech.mod.o
  CC [M]  drivers/input/touchscreen/hxchipset/himax_mmi.mod.o
  CC [M]  drivers/input/touchscreen/ili9882q/ilitek.mod.o
  CC [M]  drivers/input/touchscreen/nt36xxx/sprd-nt36xxx.mod.o
  CC [M]  drivers/leds/leds-sc27xx-bltc.mod.o
  CC [M]  drivers/leds/trigger/ledtrig-pattern.mod.o
  CC [M]  drivers/media/platform/sprd-jpg/jpg.mod.o
  CC [M]  drivers/media/platform/sprd-vsp/vsp.mod.o
  CC [M]  drivers/mfd/sprd-sc27xx-spi.mod.o
  CC [M]  drivers/misc/device_info/device_info.mod.o
  CC [M]  drivers/misc/hardware_info.mod.o
  CC [M]  drivers/misc/hqhardwareinfo/hq_hardware_info.mod.o
  CC [M]  drivers/misc/misc_sprd_uid.mod.o
  CC [M]  drivers/misc/sprd_soc_id.mod.o
  CC [M]  drivers/mmc/host/mmc_hsq.mod.o
  CC [M]  drivers/mmc/host/mmc_swcq.mod.o
  CC [M]  drivers/mmc/host/sdhci-sprd.mod.o
  CC [M]  drivers/net/sprd/seth/seth.mod.o
  CC [M]  drivers/net/usb/asix.mod.o
  CC [M]  drivers/net/usb/ax88179_178a.mod.o
  CC [M]  drivers/nfc/pn557/nq-nci.mod.o
  CC [M]  drivers/nvmem/nvmem-sc27xx-efuse.mod.o
  CC [M]  drivers/nvmem/nvmem_sprd_cache_efuse.mod.o
  CC [M]  drivers/nvmem/nvmem_sprd_efuse.mod.o
  CC [M]  drivers/pinctrl/sprd/pinctrl-sprd-qogirl6.mod.o
  CC [M]  drivers/pinctrl/sprd/pinctrl-sprd.mod.o
  CC [M]  drivers/power/reset/sc27xx-poweroff.mod.o
  CC [M]  drivers/power/supply/bq2560x-charger.mod.o
  CC [M]  drivers/power/supply/charger-manager.mod.o
  CC [M]  drivers/power/supply/rt9471-charger.mod.o
  CC [M]  drivers/power/supply/sc2730_fast_charger.mod.o
  CC [M]  drivers/power/supply/sc27xx_fuel_gauge.mod.o
  CC [M]  drivers/power/supply/sgm41512_chg.mod.o
  CC [M]  drivers/power/supply/sgm4154x_chg.mod.o
  CC [M]  drivers/power/supply/sprd_battery_info.mod.o
  CC [M]  drivers/power/supply/sprd_vote.mod.o
  CC [M]  drivers/pwm/pwm-sprd.mod.o
  CC [M]  drivers/regulator/fan53555.mod.o
  CC [M]  drivers/regulator/sc2730-regulator.mod.o
  CC [M]  drivers/rtc/rtc-sc27xx.mod.o
  CC [M]  drivers/scsi/ufs/ufs-sprd_qogirl6.mod.o
  CC [M]  drivers/soc/oplus/system/hung_task_enhance/gki/hung_task_enhance.mod.o
  CC [M]  drivers/soc/sprd/autotest/core.mod.o
  CC [M]  drivers/soc/sprd/autotest/gpio.mod.o
  CC [M]  drivers/soc/sprd/autotest/pinctrl.mod.o
  CC [M]  drivers/soc/sprd/debug/hang_debug/sprd_wdf.mod.o
  CC [M]  drivers/soc/sprd/domain/sprd_camsys_pw_domain.mod.o
  CC [M]  drivers/soc/sprd/domain/sprd_disp_pm_domain_sharkl3.mod.o
  CC [M]  drivers/soc/sprd/domain/sprd_vsp_pw_domain.mod.o
  CC [M]  drivers/soc/sprd/modem/iq/sprd_iq.mod.o
  CC [M]  drivers/soc/sprd/modem/power_manager/sprd_power_manager.mod.o
  CC [M]  drivers/soc/sprd/modem/sipc/sblock_bridge.mod.o
  CC [M]  drivers/soc/sprd/modem/sipc/sbuf_bridge.mod.o
  CC [M]  drivers/soc/sprd/modem/sipc/sipc-core.mod.o
  CC [M]  drivers/soc/sprd/modem/sipc/sipx.mod.o
  CC [M]  drivers/soc/sprd/modem/sipc/slog_bridge.mod.o
  CC [M]  drivers/soc/sprd/modem/sipc/spipe.mod.o
  CC [M]  drivers/soc/sprd/modem/sipc/spool.mod.o
  CC [M]  drivers/soc/sprd/power_debug/sprd_trad_pdbg_sharkl6.mod.o
  CC [M]  drivers/soc/sprd/power_stat/sprd-debugstat-core.mod.o
  CC [M]  drivers/soc/sprd/power_stat/sprd-debugstat-sharkl6.mod.o
  CC [M]  drivers/soc/sprd/sfp/sfp_core.mod.o
  CC [M]  drivers/soc/sprd/sprd_7sreset.mod.o
  CC [M]  drivers/soc/sprd/sprd_manufacturer_model.mod.o
  CC [M]  drivers/soc/sprd/sprd_pmic_refout.mod.o
  CC [M]  drivers/soc/sprd/sprd_pmic_syscon.mod.o
  CC [M]  drivers/soc/sprd/sprd_systimer.mod.o
  CC [M]  drivers/soc/sprd/sprd_time_sync.mod.o
  CC [M]  drivers/soc/sprd/sprd_time_sync_cp.mod.o
  CC [M]  drivers/soc/sprd/usbpinmux/sprd_usbpinmux_qogirl6.mod.o
  CC [M]  drivers/spi/spi-sprd-adi.mod.o
  CC [M]  drivers/spi/spi-sprd.mod.o
  CC [M]  drivers/staging/android/ion/sprd/sprd-ion.mod.o
  CC [M]  drivers/thermal/sc27xx_tsensor_thermal.mod.o
  CC [M]  drivers/thermal/sprd_cpu_cooling.mod.o
  CC [M]  drivers/thermal/sprd_gpu_cooling.mod.o
  CC [M]  drivers/thermal/sprd_soc_thm.mod.o
  CC [M]  drivers/thermal/sprd_thermal.mod.o
  CC [M]  drivers/thermal/thermal-generic-adc.mod.o
  CC [M]  drivers/trusty/sprd_shm.mod.o
  CC [M]  drivers/trusty/trusty-ipc.mod.o
  CC [M]  drivers/trusty/trusty-irq.mod.o
  CC [M]  drivers/trusty/trusty-log.mod.o
  CC [M]  drivers/trusty/trusty-pm.mod.o
  CC [M]  drivers/trusty/trusty-virtio.mod.o
  CC [M]  drivers/trusty/trusty.mod.o
  CC [M]  drivers/unisoc_platform/audio/sprd/codec/dummy-codec/snd-soc-sprd-dummy-codec.mod.o
  CC [M]  drivers/unisoc_platform/audio/sprd/codec/sprd/pdm_r2p0/snd-soc-sprd-pdm-r2p0.mod.o
  CC [M]  drivers/unisoc_platform/audio/sprd/codec/sprd/sc2730/snd-soc-sprd-codec-sc2730-power-dev.mod.o
  CC [M]  drivers/unisoc_platform/audio/sprd/codec/sprd/sc2730/snd-soc-sprd-codec-sc2730-power.mod.o
  CC [M]  drivers/unisoc_platform/audio/sprd/codec/sprd/sc2730/snd-soc-sprd-codec-sc2730.mod.o
  CC [M]  drivers/unisoc_platform/audio/sprd/dai/vbc/v4/snd-soc-sprd-vbc-fe.mod.o
  CC [M]  drivers/unisoc_platform/audio/sprd/dai/vbc/v4/snd-soc-sprd-vbc-v4.mod.o
  CC [M]  drivers/unisoc_platform/audio/sprd/platform/sprd-compr-2stage-dma.mod.o
  CC [M]  drivers/unisoc_platform/audio/sprd/platform/sprd-dmaengine-pcm.mod.o
  CC [M]  drivers/unisoc_platform/audio/sprd/platform/sprd-platform-pcm-routing.mod.o
  CC [M]  drivers/unisoc_platform/audio/sprd/snd-soc-sprd-card.mod.o
  CC [M]  drivers/unisoc_platform/audio/sprd_audio/agdsp_access/agdsp_access.mod.o
  CC [M]  drivers/unisoc_platform/audio/sprd_audio/audio_pipe/sprd_apipe.mod.o
  CC [M]  drivers/unisoc_platform/audio/sprd_audio/audiocpboot/sprd_audcp_boot.mod.o
  CC [M]  drivers/unisoc_platform/audio/sprd_audio/audiodspdump/audio-dsp-dump.mod.o
  CC [M]  drivers/unisoc_platform/audio/sprd_audio/audiodvfs/sprd_audcp_dvfs.mod.o
  CC [M]  drivers/unisoc_platform/audio/sprd_audio/audiomem/audio_mem.mod.o
  CC [M]  drivers/unisoc_platform/audio/sprd_audio/audiosipc/audio-pipe.mod.o
  CC [M]  drivers/unisoc_platform/audio/sprd_audio/audiosipc/audio_sipc.mod.o
  CC [M]  drivers/unisoc_platform/audio/sprd_audio/mcdt/mcdt_r2p0/mcdt_hw_r2p0.mod.o
  CC [M]  drivers/unisoc_platform/debug_log/qogirl6/mipi_driver.mod.o
  CC [M]  drivers/unisoc_platform/debug_log/sprd_mipi.mod.o
  CC [M]  drivers/unisoc_platform/iommu/unisoc-iommu.mod.o
  CC [M]  drivers/unisoc_platform/mailbox/unisoc-mailbox.mod.o
  CC [M]  drivers/unisoc_platform/modem_loader/sprd_modem_loader.mod.o
  CC [M]  drivers/unisoc_platform/sipc_virt_bus/sprd-sipc-virt-bus.mod.o
  CC [M]  drivers/unisoc_platform/sprd_gnss/gnss_common_ctl/gnss_common_ctl_all.mod.o
  CC [M]  drivers/unisoc_platform/sprd_gnss/gnss_dbg/gnss_dbg.mod.o
  CC [M]  drivers/unisoc_platform/sprd_gnss/gnss_pmnotify_ctl/gnss_pmnotify_ctl.mod.o
  CC [M]  drivers/unisoc_platform/sprd_map/sprd_map.mod.o
  CC [M]  drivers/unisoc_platform/sprdwcn/wcn_bsp.mod.o
  CC [M]  drivers/unisoc_platform/wlan/common/sprd_wlan.mod.o
  CC [M]  drivers/unisoc_platform/wlan/marlin3_sipc/sc2355_sipc_wlan.mod.o
  CC [M]  drivers/unisoc_platform/wlan/sc2332/sc2332_sipc_wlan.mod.o
  CC [M]  drivers/unisoc_platform/wlan/sc2355/sc2355_sdio_wlan.mod.o
  CC [M]  drivers/usb/gadget/function/sprd_u_ether.mod.o
  CC [M]  drivers/usb/gadget/function/sprd_usb_f_rndis.mod.o
  CC [M]  drivers/usb/gadget/function/usb_f_vser.mod.o
  CC [M]  drivers/usb/musb/musb_hdrc.mod.o
  CC [M]  drivers/usb/musb/musb_sprd.mod.o
  CC [M]  drivers/usb/phy/phy-sprd-qogirl6.mod.o
  CC [M]  drivers/usb/typec/sc27xx_typec.mod.o
  CC [M]  drivers/usb/typec/tcpm/sc27xx_pd.mod.o
  CC [M]  drivers/usb/typec/tcpm/sprd_tcpm.mod.o
  CC [M]  drivers/usb/typec/virtual_typec.mod.o
  CC [M]  drivers/watchdog/sprd_pmic_wdt.mod.o
  CC [M]  drivers/watchdog/sprd_wdt_fiq.mod.o
  CC [M]  net/ims_bridge/ims_bridge.mod.o
  CC [M]  net/ims_bridge/ims_bridge_t.mod.o
  CC [M]  net/sprd_net/sprd_net_helper.mod.o
  LD [M]  arch/arm64/crypto/aes-ce-ccm.ko
  LD [M]  arch/arm64/crypto/aes-neon-blk.ko
  LD [M]  arch/arm64/crypto/ghash-ce.ko
  LD [M]  arch/arm64/crypto/sha1-ce.ko
  LD [M]  crypto/arc4.ko
  LD [M]  crypto/twofish_common.ko
  LD [M]  crypto/twofish_generic.ko
  LD [M]  drivers/block/zram/hybridswap/hyb.ko
  LD [M]  drivers/char/rpmb/rpmb.ko
  LD [M]  drivers/clk/sprd/clk-sprd.ko
  LD [M]  drivers/clk/sprd/ums9230-clk.ko
  LD [M]  drivers/cpufreq/sprd-cpufreq-public.ko
  LD [M]  drivers/cpufreq/sprd-hwdvfs-policy.ko
  LD [M]  drivers/cpufreq/sprd-hwdvfs-ums9230-arch.ko
  LD [M]  drivers/crypto/virtio/virtio_crypto.ko
  LD [M]  drivers/devfreq/apsys/apsys-dvfs.ko
  LD [M]  drivers/devfreq/sprd-top-dvfs.ko
  LD [M]  drivers/devfreq/sprd/sprd_ddr_dvfs.ko
  LD [M]  drivers/devfreq/sprd_cp_dvfs.ko
  LD [M]  drivers/dma/sprd-dma.ko
  LD [M]  drivers/dma/virt-dma.ko
  LD [M]  drivers/extcon/extcon-usb-gpio.ko
  LD [M]  drivers/firmware/sprd_sip_svc.ko
  LD [M]  drivers/gpio/gpio-eic-sprd.ko
  LD [M]  drivers/gpio/gpio-pmic-eic-sprd.ko
  LD [M]  drivers/gpio/gpio-sprd.ko
  LD [M]  drivers/gpu/drm/sprd/gsp/sprd-gsp.ko
  LD [M]  drivers/gpu/drm/sprd/sprd-drm.ko
  LD [M]  drivers/hwspinlock/sprd_hwspinlock.ko
  LD [M]  drivers/i2c/busses/i2c-sprd-hw-v2.ko
  LD [M]  drivers/i2c/busses/i2c-sprd.ko
  LD [M]  drivers/iio/adc/sc27xx_adc.ko
  LD [M]  drivers/iio/buffer/kfifo_buf.ko
  LD [M]  drivers/iio/sprd_hub/sensorhub.ko
  LD [M]  drivers/input/fingerprint/focaltech/focaltech_fp.ko
  LD [M]  drivers/input/fingerprint/fpsensor_tee/fpsensor_fp.ko
  LD [M]  drivers/input/fingerprint/jiiov/jiiov.ko
  LD [M]  drivers/input/fingerprint/nico_fp_common/nico_fp_common.ko
  LD [M]  drivers/input/fingerprint/oplus_fp_common/oplus_fp_common.ko
  LD [M]  drivers/input/fingerprint/silead/silead_fp.ko
  LD [M]  drivers/input/lcd_bias/lcd_bias_adjust.ko
  LD [M]  drivers/input/misc/sc27xx-vibra.ko
  LD [M]  drivers/input/touchscreen/ICNL9911/sprd-cts.ko
  LD [M]  drivers/input/touchscreen/chipone-tddi/chipone-tddi.ko
  LD [M]  drivers/input/touchscreen/focaltech_touch/sprd-focaltech.ko
  LD [M]  drivers/input/touchscreen/hxchipset/himax_mmi.ko
  LD [M]  drivers/input/touchscreen/ili9882q/ilitek.ko
  LD [M]  drivers/input/touchscreen/nt36xxx/sprd-nt36xxx.ko
  LD [M]  drivers/leds/leds-sc27xx-bltc.ko
  LD [M]  drivers/leds/trigger/ledtrig-pattern.ko
  LD [M]  drivers/media/platform/sprd-jpg/jpg.ko
  LD [M]  drivers/media/platform/sprd-vsp/vsp.ko
  LD [M]  drivers/mfd/sprd-sc27xx-spi.ko
  LD [M]  drivers/misc/device_info/device_info.ko
  LD [M]  drivers/misc/hardware_info.ko
  LD [M]  drivers/misc/hqhardwareinfo/hq_hardware_info.ko
  LD [M]  drivers/misc/misc_sprd_uid.ko
  LD [M]  drivers/misc/sprd_soc_id.ko
  LD [M]  drivers/mmc/host/mmc_hsq.ko
  LD [M]  drivers/mmc/host/mmc_swcq.ko
  LD [M]  drivers/mmc/host/sdhci-sprd.ko
  LD [M]  drivers/net/sprd/seth/seth.ko
  LD [M]  drivers/net/usb/asix.ko
  LD [M]  drivers/net/usb/ax88179_178a.ko
  LD [M]  drivers/nfc/pn557/nq-nci.ko
  LD [M]  drivers/nvmem/nvmem-sc27xx-efuse.ko
  LD [M]  drivers/nvmem/nvmem_sprd_cache_efuse.ko
  LD [M]  drivers/nvmem/nvmem_sprd_efuse.ko
  LD [M]  drivers/pinctrl/sprd/pinctrl-sprd-qogirl6.ko
  LD [M]  drivers/pinctrl/sprd/pinctrl-sprd.ko
  LD [M]  drivers/power/reset/sc27xx-poweroff.ko
  LD [M]  drivers/power/supply/bq2560x-charger.ko
  LD [M]  drivers/power/supply/charger-manager.ko
  LD [M]  drivers/power/supply/rt9471-charger.ko
  LD [M]  drivers/power/supply/sc2730_fast_charger.ko
  LD [M]  drivers/power/supply/sc27xx_fuel_gauge.ko
  LD [M]  drivers/power/supply/sgm41512_chg.ko
  LD [M]  drivers/power/supply/sgm4154x_chg.ko
  LD [M]  drivers/power/supply/sprd_battery_info.ko
  LD [M]  drivers/power/supply/sprd_vote.ko
  LD [M]  drivers/pwm/pwm-sprd.ko
  LD [M]  drivers/regulator/fan53555.ko
  LD [M]  drivers/regulator/sc2730-regulator.ko
  LD [M]  drivers/rtc/rtc-sc27xx.ko
  LD [M]  drivers/scsi/ufs/ufs-sprd_qogirl6.ko
  LD [M]  drivers/soc/oplus/system/hung_task_enhance/gki/hung_task_enhance.ko
  LD [M]  drivers/soc/sprd/autotest/core.ko
  LD [M]  drivers/soc/sprd/autotest/gpio.ko
  LD [M]  drivers/soc/sprd/autotest/pinctrl.ko
  LD [M]  drivers/soc/sprd/debug/hang_debug/sprd_wdf.ko
  LD [M]  drivers/soc/sprd/domain/sprd_camsys_pw_domain.ko
  LD [M]  drivers/soc/sprd/domain/sprd_disp_pm_domain_sharkl3.ko
  LD [M]  drivers/soc/sprd/domain/sprd_vsp_pw_domain.ko
  LD [M]  drivers/soc/sprd/modem/iq/sprd_iq.ko
  LD [M]  drivers/soc/sprd/modem/power_manager/sprd_power_manager.ko
  LD [M]  drivers/soc/sprd/modem/sipc/sblock_bridge.ko
  LD [M]  drivers/soc/sprd/modem/sipc/sbuf_bridge.ko
  LD [M]  drivers/soc/sprd/modem/sipc/sipc-core.ko
  LD [M]  drivers/soc/sprd/modem/sipc/sipx.ko
  LD [M]  drivers/soc/sprd/modem/sipc/slog_bridge.ko
  LD [M]  drivers/soc/sprd/modem/sipc/spipe.ko
  LD [M]  drivers/soc/sprd/modem/sipc/spool.ko
  LD [M]  drivers/soc/sprd/power_debug/sprd_trad_pdbg_sharkl6.ko
  LD [M]  drivers/soc/sprd/power_stat/sprd-debugstat-core.ko
  LD [M]  drivers/soc/sprd/power_stat/sprd-debugstat-sharkl6.ko
  LD [M]  drivers/soc/sprd/sfp/sfp_core.ko
  LD [M]  drivers/soc/sprd/sprd_7sreset.ko
  LD [M]  drivers/soc/sprd/sprd_manufacturer_model.ko
  LD [M]  drivers/soc/sprd/sprd_pmic_refout.ko
  LD [M]  drivers/soc/sprd/sprd_pmic_syscon.ko
  LD [M]  drivers/soc/sprd/sprd_systimer.ko
  LD [M]  drivers/soc/sprd/sprd_time_sync.ko
  LD [M]  drivers/soc/sprd/sprd_time_sync_cp.ko
  LD [M]  drivers/soc/sprd/usbpinmux/sprd_usbpinmux_qogirl6.ko
  LD [M]  drivers/spi/spi-sprd-adi.ko
  LD [M]  drivers/spi/spi-sprd.ko
  LD [M]  drivers/staging/android/ion/sprd/sprd-ion.ko
  LD [M]  drivers/thermal/sc27xx_tsensor_thermal.ko
  LD [M]  drivers/thermal/sprd_cpu_cooling.ko
  LD [M]  drivers/thermal/sprd_gpu_cooling.ko
  LD [M]  drivers/thermal/sprd_soc_thm.ko
  LD [M]  drivers/thermal/sprd_thermal.ko
  LD [M]  drivers/thermal/thermal-generic-adc.ko
  LD [M]  drivers/trusty/sprd_shm.ko
  LD [M]  drivers/trusty/trusty-ipc.ko
  LD [M]  drivers/trusty/trusty-irq.ko
  LD [M]  drivers/trusty/trusty-log.ko
  LD [M]  drivers/trusty/trusty-pm.ko
  LD [M]  drivers/trusty/trusty-virtio.ko
  LD [M]  drivers/trusty/trusty.ko
  LD [M]  drivers/unisoc_platform/audio/sprd/codec/dummy-codec/snd-soc-sprd-dummy-codec.ko
  LD [M]  drivers/unisoc_platform/audio/sprd/codec/sprd/pdm_r2p0/snd-soc-sprd-pdm-r2p0.ko
  LD [M]  drivers/unisoc_platform/audio/sprd/codec/sprd/sc2730/snd-soc-sprd-codec-sc2730-power-dev.ko
  LD [M]  drivers/unisoc_platform/audio/sprd/codec/sprd/sc2730/snd-soc-sprd-codec-sc2730-power.ko
  LD [M]  drivers/unisoc_platform/audio/sprd/codec/sprd/sc2730/snd-soc-sprd-codec-sc2730.ko
  LD [M]  drivers/unisoc_platform/audio/sprd/dai/vbc/v4/snd-soc-sprd-vbc-fe.ko
  LD [M]  drivers/unisoc_platform/audio/sprd/dai/vbc/v4/snd-soc-sprd-vbc-v4.ko
  LD [M]  drivers/unisoc_platform/audio/sprd/platform/sprd-compr-2stage-dma.ko
  LD [M]  drivers/unisoc_platform/audio/sprd/platform/sprd-dmaengine-pcm.ko
  LD [M]  drivers/unisoc_platform/audio/sprd/platform/sprd-platform-pcm-routing.ko
  LD [M]  drivers/unisoc_platform/audio/sprd/snd-soc-sprd-card.ko
  LD [M]  drivers/unisoc_platform/audio/sprd_audio/agdsp_access/agdsp_access.ko
  LD [M]  drivers/unisoc_platform/audio/sprd_audio/audio_pipe/sprd_apipe.ko
  LD [M]  drivers/unisoc_platform/audio/sprd_audio/audiocpboot/sprd_audcp_boot.ko
  LD [M]  drivers/unisoc_platform/audio/sprd_audio/audiodspdump/audio-dsp-dump.ko
  LD [M]  drivers/unisoc_platform/audio/sprd_audio/audiodvfs/sprd_audcp_dvfs.ko
  LD [M]  drivers/unisoc_platform/audio/sprd_audio/audiomem/audio_mem.ko
  LD [M]  drivers/unisoc_platform/audio/sprd_audio/audiosipc/audio-pipe.ko
  LD [M]  drivers/unisoc_platform/audio/sprd_audio/audiosipc/audio_sipc.ko
  LD [M]  drivers/unisoc_platform/audio/sprd_audio/mcdt/mcdt_r2p0/mcdt_hw_r2p0.ko
  LD [M]  drivers/unisoc_platform/debug_log/qogirl6/mipi_driver.ko
  LD [M]  drivers/unisoc_platform/debug_log/sprd_mipi.ko
  LD [M]  drivers/unisoc_platform/iommu/unisoc-iommu.ko
  LD [M]  drivers/unisoc_platform/mailbox/unisoc-mailbox.ko
  LD [M]  drivers/unisoc_platform/modem_loader/sprd_modem_loader.ko
  LD [M]  drivers/unisoc_platform/sipc_virt_bus/sprd-sipc-virt-bus.ko
  LD [M]  drivers/unisoc_platform/sprd_gnss/gnss_common_ctl/gnss_common_ctl_all.ko
  LD [M]  drivers/unisoc_platform/sprd_gnss/gnss_dbg/gnss_dbg.ko
  LD [M]  drivers/unisoc_platform/sprd_gnss/gnss_pmnotify_ctl/gnss_pmnotify_ctl.ko
  LD [M]  drivers/unisoc_platform/sprd_map/sprd_map.ko
  LD [M]  drivers/unisoc_platform/sprdwcn/wcn_bsp.ko
  LD [M]  drivers/unisoc_platform/wlan/common/sprd_wlan.ko
  LD [M]  drivers/unisoc_platform/wlan/marlin3_sipc/sc2355_sipc_wlan.ko
  LD [M]  drivers/unisoc_platform/wlan/sc2332/sc2332_sipc_wlan.ko
  LD [M]  drivers/unisoc_platform/wlan/sc2355/sc2355_sdio_wlan.ko
  LD [M]  drivers/usb/gadget/function/sprd_u_ether.ko
  LD [M]  drivers/usb/gadget/function/sprd_usb_f_rndis.ko
  LD [M]  drivers/usb/gadget/function/usb_f_vser.ko
  LD [M]  drivers/usb/musb/musb_hdrc.ko
  LD [M]  drivers/usb/musb/musb_sprd.ko
  LD [M]  drivers/usb/phy/phy-sprd-qogirl6.ko
  LD [M]  drivers/usb/typec/sc27xx_typec.ko
  LD [M]  drivers/usb/typec/tcpm/sc27xx_pd.ko
  LD [M]  drivers/usb/typec/tcpm/sprd_tcpm.ko
  LD [M]  drivers/usb/typec/virtual_typec.ko
  LD [M]  drivers/watchdog/sprd_pmic_wdt.ko
  LD [M]  drivers/watchdog/sprd_wdt_fiq.ko
  LD [M]  net/ims_bridge/ims_bridge.ko
  LD [M]  net/ims_bridge/ims_bridge_t.ko
  LD [M]  net/sprd_net/sprd_net_helper.ko
make[1]: Leaving directory '/workspaces/c33-kernel-/kernel/out'
